<?xml version="1.0" encoding="UTF-8"?>
<metadata xml:lang="en"><Esri><MetaID>{D00890DB-5B09-4A48-B3AD-3DAC36FB959B}</MetaID><CreaDate>20030711</CreaDate><CreaTime>13315600</CreaTime><SyncOnce>FALSE</SyncOnce><SyncDate>20040521</SyncDate><SyncTime>14292400</SyncTime><ModDate>20040521</ModDate><ModTime>14292400</ModTime></Esri><idinfo><citation><citeinfo><origin>Jim Giglierano, Mike Bounk, Xingzhi Chen</origin><pubdate>02/01/93</pubdate><pubinfo><pubplace>Iowa City, Iowa</pubplace><publish>Iowa Department of Natural Resources</publish></pubinfo><title>Highways of Iowa</title><ftname Sync="TRUE">highway</ftname><geoform Sync="TRUE">vector digital data</geoform><onlink>ftp://ftp.igsb.uiowa.edu/gis_library/IA_State/Infrastructure/Transportation/highway.zip</onlink><onlink>http://www.igsb.uiowa.edu/nrgislibx/</onlink><edition>10/28/2002</edition></citeinfo><datacred>Jim Giglierano, Mike Bounk, Xingzhi Chen</datacred><native>PC ARC/INFO 3.4D Plus</native></citation><descript><abstract>This coverage contains arcs representing the major  primary and secondary highways in the state of Iowa.  The data was  originally obtained from the Iowa Dept. of Transportation.  The IDOT  data was missing road numbers and arcs running through urban areas.  Missing arcs, road number designations and a road type code were  added.  The type code can be used to make a display that looks like  the state highway map.</abstract><purpose>This digital, geographically referenced data set was developed by the Iowa Department of Natural Resources to carry out agency responsibilities related to management, protection, and development of Iowa's natural resources.</purpose><langdata Sync="TRUE">en</langdata></descript><timeperd><current>publication date</current><timeinfo><sngdate><caldate>01/08/97</caldate></sngdate></timeinfo></timeperd><status><progress>Complete</progress><update>None planned</update></status><keywords><theme><themekt>None</themekt><themekey>Higway</themekey><themekey>Roads</themekey></theme><place><placekey>Iowa</placekey></place></keywords><accconst>None</accconst><useconst>None</useconst><ptcontac><cntinfo><cntperp><cntper>James D. Giglierano</cntper><cntorg>Iowa Department of Natural Resources</cntorg></cntperp><cntaddr><address>109 Trowbridge Hall</address><city>Iowa City</city><state>IA</state><postal>52242-1319</postal></cntaddr></cntinfo></ptcontac><native Sync="TRUE">Microsoft Windows 2000 Version 5.0 (Build 2195) Service Pack 4; ESRI ArcCatalog 8.3.0.800</native><spdom><bounding><westbc Sync="TRUE">-96.676121</westbc><eastbc Sync="TRUE">-90.095773</eastbc><northbc Sync="TRUE">43.554069</northbc><southbc Sync="TRUE">40.343320</southbc></bounding><lboundng><leftbc Sync="TRUE">202770.686072</leftbc><rightbc Sync="TRUE">734729.052611</rightbc><bottombc Sync="TRUE">4471743.409906</bottombc><topbc Sync="TRUE">4822346.233483</topbc></lboundng></spdom><natvform Sync="TRUE">Shapefile</natvform></idinfo><dataqual><posacc><horizpa><horizpar>The positional accuracy of the coverage coordinates is  a deductive estimate based on possible errors that may have occurred during   each production step.  These errors include source of data, digitization,  and processing.  The accuracy is estimated to be 52 meters using a root-sum-  square error calculation. </horizpar></horizpa></posacc><lineage><srcinfo>"Transportation Map", Iowa Dept. of Transportation, 1991 <srcscale>unknown</srcscale><typesrc>Electronic files - Intergraph Design File format</typesrc></srcinfo><procstep/></lineage></dataqual><eainfo><overview><eaover>LENGTH: length of arcs in meters.
US1: a number that identifies a US highway.
US2: a number that identifies a second US highway.
ST1: a number that identifies a state highway.
ST2: a number that identifies a second state highway.
INT1: a number that identifies an interstate highway.
INT2: a number that identifies a second interstate highway.
TYPE: a number that identifies the type of highway:
    1 interstate full access control.
    2 multilane divided full access control.
    3 multilane divided partial access control.
    4 multilane undivided, and two lane paved.
    5 multilane divided partial access control.
    6 multilane undivided, two lane paved, and dustless.  
CO_NUMBER: numbers from 1 - 99 representing Iowa counties highway passes through.
CO_NAME: name of county highway is passing through.
LABEL_TYPE:  The primary type of Highway.  If it is several types, It was labeled as State first, Federal Second, and Interstate last
LABEL:  The LABEL_TYPE number.</eaover></overview><detailed Name="highway"><enttyp><enttypl Sync="TRUE">highway</enttypl><enttypt Sync="TRUE">Feature Class</enttypt><enttypc Sync="TRUE">1821</enttypc></enttyp><attr><attrlabl Sync="TRUE">FID</attrlabl><attalias Sync="TRUE">FID</attalias><attrtype Sync="TRUE">OID</attrtype><attwidth Sync="TRUE">4</attwidth><atprecis Sync="TRUE">0</atprecis><attscale Sync="TRUE">0</attscale><attrdef Sync="TRUE">Internal feature number.</attrdef><attrdefs Sync="TRUE">ESRI</attrdefs><attrdomv><udom Sync="TRUE">Sequential unique whole numbers that are automatically generated.</udom></attrdomv></attr><attr><attrlabl Sync="TRUE">Shape</attrlabl><attalias Sync="TRUE">Shape</attalias><attrtype Sync="TRUE">Geometry</attrtype><attwidth Sync="TRUE">0</attwidth><atprecis Sync="TRUE">0</atprecis><attscale Sync="TRUE">0</attscale><attrdef Sync="TRUE">Feature geometry.</attrdef><attrdefs Sync="TRUE">ESRI</attrdefs><attrdomv><udom Sync="TRUE">Coordinates defining the features.</udom></attrdomv></attr><attr><attrlabl Sync="TRUE">LENGTH</attrlabl><attalias Sync="TRUE">LENGTH</attalias><attrtype Sync="TRUE">Number</attrtype><attwidth Sync="TRUE">19</attwidth><atnumdec Sync="TRUE">6</atnumdec></attr><attr><attrlabl Sync="TRUE">US1</attrlabl><attalias Sync="TRUE">US1</attalias><attrtype Sync="TRUE">Number</attrtype><attwidth Sync="TRUE">4</attwidth></attr><attr><attrlabl Sync="TRUE">US2</attrlabl><attalias Sync="TRUE">US2</attalias><attrtype Sync="TRUE">Number</attrtype><attwidth Sync="TRUE">4</attwidth></attr><attr><attrlabl Sync="TRUE">ST1</attrlabl><attalias Sync="TRUE">ST1</attalias><attrtype Sync="TRUE">Number</attrtype><attwidth Sync="TRUE">4</attwidth></attr><attr><attrlabl Sync="TRUE">ST2</attrlabl><attalias Sync="TRUE">ST2</attalias><attrtype Sync="TRUE">Number</attrtype><attwidth Sync="TRUE">4</attwidth></attr><attr><attrlabl Sync="TRUE">INT1</attrlabl><attalias Sync="TRUE">INT1</attalias><attrtype Sync="TRUE">Number</attrtype><attwidth Sync="TRUE">4</attwidth></attr><attr><attrlabl Sync="TRUE">INT2</attrlabl><attalias Sync="TRUE">INT2</attalias><attrtype Sync="TRUE">Number</attrtype><attwidth Sync="TRUE">4</attwidth></attr><attr><attrlabl Sync="TRUE">TYPE</attrlabl><attalias Sync="TRUE">TYPE</attalias><attrtype Sync="TRUE">Number</attrtype><attwidth Sync="TRUE">4</attwidth></attr><attr><attrlabl Sync="TRUE">CO_NUMBER</attrlabl><attalias Sync="TRUE">CO_NUMBER</attalias><attrtype Sync="TRUE">Number</attrtype><attwidth Sync="TRUE">2</attwidth></attr><attr><attrlabl Sync="TRUE">CO_NAME</attrlabl><attalias Sync="TRUE">CO_NAME</attalias><attrtype Sync="TRUE">String</attrtype><attwidth Sync="TRUE">14</attwidth></attr><attr><attrlabl Sync="TRUE">LABEL_TYPE</attrlabl><attalias Sync="TRUE">LABEL_TYPE</attalias><attrtype Sync="TRUE">String</attrtype><attwidth Sync="TRUE">50</attwidth></attr><attr><attrlabl Sync="TRUE">LABEL</attrlabl><attalias Sync="TRUE">LABEL</attalias><attrtype Sync="TRUE">String</attrtype><attwidth Sync="TRUE">16</attwidth></attr><attr><attrlabl Sync="TRUE">INT2</attrlabl><attalias Sync="TRUE">INT2</attalias><attrtype Sync="TRUE">Number</attrtype><attwidth Sync="TRUE">4</attwidth></attr><attr><attrlabl Sync="TRUE">TYPE</attrlabl><attalias Sync="TRUE">TYPE</attalias><attrtype Sync="TRUE">Number</attrtype><attwidth Sync="TRUE">4</attwidth></attr><attr><attrlabl Sync="TRUE">CO_NUMBER</attrlabl><attalias Sync="TRUE">CO_NUMBER</attalias><attrtype Sync="TRUE">Number</attrtype><attwidth Sync="TRUE">2</attwidth></attr><attr><attrlabl Sync="TRUE">CO_NAME</attrlabl><attalias Sync="TRUE">CO_NAME</attalias><attrtype Sync="TRUE">String</attrtype><attwidth Sync="TRUE">14</attwidth></attr><attr><attrlabl Sync="TRUE">LABEL_TYPE</attrlabl><attalias Sync="TRUE">LABEL_TYPE</attalias><attrtype Sync="TRUE">String</attrtype><attwidth Sync="TRUE">50</attwidth></attr><attr><attrlabl Sync="TRUE">LABEL</attrlabl><attalias Sync="TRUE">LABEL</attalias><attrtype Sync="TRUE">String</attrtype><attwidth Sync="TRUE">16</attwidth></attr><attr><attrlabl Sync="TRUE">LABEL</attrlabl><attalias Sync="TRUE">LABEL</attalias><attrtype Sync="TRUE">String</attrtype><attwidth Sync="TRUE">30</attwidth></attr></detailed></eainfo><distinfo><distrib>Iowa Department of Natural Resources<cntinfo><cntperp><cntper>Casey J Kohrt</cntper><cntorg>IDNR - Iowa Geological Survey</cntorg></cntperp><cntpos>Geologist</cntpos><cntaddr><addrtype>mailing and physical address</addrtype><address>109 Trowbridge Hall</address><city>Iowa City</city><state>IA</state><postal>52242</postal></cntaddr><cntvoice>319-335-1353</cntvoice><cntemail>ckohrt@igsb.uiowa.edu</cntemail></cntinfo></distrib><resdesc>Highway</resdesc><distliab>This digital, geographically referenced data set was developed by the Iowa Department of Natural Resources to carry out agency responsibilities related to management, protection, and development of Iowa's natural resources.  It resides in the Natural Resources Geographic Information System library. Although efforts have been made to make it useful to the Department, the Department assumes no responsibility for errors in the information.  Similarly the Department assumes no responsibility for the consequences of inappropriate uses or interpretations of the data made by anyone to whom this data has been made available.  The Department bears no responsibility to inform users of any changes made to this data.  Anyone using this data is advised that precision implied by the coverage may far exceed actual precision.  Comments on this data are invited and the Department would appreciate that documented errors be brought to staff attention.  The development of the coverages in the NRGIS Library represents a major investment of staff time and effort.  As a professional responsibility, we expect that the Iowa DNR will receive proper credit when you utilize these GIS coverages and that the original documentation will remain with any redistribution of these coverages.</distliab><stdorder><digform><digtinfo>Shapefile<formverd>10/28/2002</formverd><transize Sync="TRUE">1.039</transize><dssize Sync="TRUE">1.039</dssize></digtinfo><digtopt><onlinopt><computer><networka><networkr>ftp://ftp.igsb.uiowa.edu/gis_library/IA_state/Infrastructure/Transportation/Highway.zip</networkr><networkr>http://www.igsb.uiowa.edu/nrgislibx/</networkr></networka></computer></onlinopt></digtopt></digform></stdorder></distinfo><metainfo><metc><cntinfo><cntorgp><cntper>Casey Kohrt</cntper><cntorg>Iowa Department of Natural Resources - Geological Survey</cntorg></cntorgp><cntaddr><address>109 Trowbridge Hall</address><city>Iowa City</city><state>IA</state><postal>52242-1319</postal><addrtype>Mailing and Physical</addrtype></cntaddr><cntvoice>319-335-1353</cntvoice><cntemail>gis_library@igsb.uiowa.edu</cntemail></cntinfo></metc><metac>None</metac><metuc>None</metuc><langmeta Sync="TRUE">en</langmeta><metstdn Sync="TRUE">FGDC Content Standards for Digital Geospatial Metadata</metstdn><metstdv Sync="TRUE">FGDC-STD-001-1998</metstdv><mettc Sync="TRUE">local time</mettc><metd Sync="TRUE">20040521</metd><metextns><onlink Sync="TRUE">http://www.esri.com/metadata/esriprof80.html</onlink><metprof Sync="TRUE">ESRI Metadata Profile</metprof></metextns></metainfo><citeinfo><origin>Jim Giglierano, Mike Bounk, Xingzhi Chen</origin><pubdate>Complete</pubdate><title>Highway</title><geoform>Shapefile</geoform><pubinfo><pubplace>None</pubplace><publish>Iowa Department of Natural Resources</publish></pubinfo><othercit>"Transportation Map", Iowa Dept. of Transportation, 1991 </othercit></citeinfo><timeinfo><sngdate><caldate>01/08/97</caldate></sngdate></timeinfo><cntinfo><cntperp><cntper>Casey Kohrt</cntper><cntorg>Iowa Department of Natural Resources - Geological Survey</cntorg></cntperp><cntaddr><addrtype>Mailing and Physical</addrtype><address>109 Trowbridge Hall</address><city>Iowa City</city><state>IA</state><postal>52242-1319</postal></cntaddr><cntvoice>319-335-1353</cntvoice><cntemail>gis_library@igsb.uiowa.edu</cntemail></cntinfo><dataIdInfo><envirDesc Sync="TRUE">Microsoft Windows 2000 Version 5.0 (Build 2195) Service Pack 4; ESRI ArcCatalog 8.3.0.800</envirDesc><dataLang><languageCode Sync="TRUE" value="en"></languageCode></dataLang><idCitation><resTitle Sync="TRUE">highway</resTitle><presForm><PresFormCd Sync="TRUE" value="005"></PresFormCd></presForm></idCitation><spatRpType><SpatRepTypCd Sync="TRUE" value="001"></SpatRepTypCd></spatRpType><geoBox esriExtentType="decdegrees"><westBL Sync="TRUE">-96.676121</westBL><eastBL Sync="TRUE">-90.095773</eastBL><northBL Sync="TRUE">43.554069</northBL><southBL Sync="TRUE">40.34332</southBL><exTypeCode Sync="TRUE">1</exTypeCode></geoBox><dataExt><geoEle><GeoBndBox esriExtentType="native"><westBL Sync="TRUE">202770.686072</westBL><eastBL Sync="TRUE">734729.052611</eastBL><northBL Sync="TRUE">4822346.233483</northBL><southBL Sync="TRUE">4471743.409906</southBL><exTypeCode Sync="TRUE">1</exTypeCode></GeoBndBox></geoEle></dataExt></dataIdInfo><mdLang><languageCode Sync="TRUE" value="en"></languageCode></mdLang><mdStanName Sync="TRUE">ISO 19115 Geographic Information - Metadata</mdStanName><mdStanVer Sync="TRUE">DIS_ESRI1.0</mdStanVer><mdChar><CharSetCd Sync="TRUE" value="004"></CharSetCd></mdChar><mdHrLv><ScopeCd Sync="TRUE" value="005"></ScopeCd></mdHrLv><mdHrLvName Sync="TRUE">dataset</mdHrLvName><distInfo><distributor><distorTran><onLineSrc><orDesc Sync="TRUE">002</orDesc><linkage Sync="TRUE">file://\\Idnrgsb9\NEW_LIB\Data_NAD83\IA_State\Infrastructure\Transportation\highway.shp</linkage><protocol Sync="TRUE">Local Area Network</protocol></onLineSrc><transSize Sync="TRUE">1.039</transSize></distorTran><distorFormat><formatName Sync="TRUE">Shapefile</formatName></distorFormat></distributor></distInfo><spdoinfo><direct Sync="TRUE">Vector</direct><ptvctinf><esriterm Name="highway"><efeatyp Sync="TRUE">Simple</efeatyp><efeageom Sync="TRUE">Polyline</efeageom><esritopo Sync="TRUE">FALSE</esritopo><efeacnt Sync="TRUE">1821</efeacnt><spindex Sync="TRUE">TRUE</spindex><linrefer Sync="TRUE">FALSE</linrefer></esriterm><sdtsterm Name="highway"><sdtstype Sync="TRUE">String</sdtstype><ptvctcnt Sync="TRUE">1821</ptvctcnt></sdtsterm></ptvctinf></spdoinfo><spref><horizsys><cordsysn><geogcsn Sync="TRUE">GCS_North_American_1983</geogcsn><projcsn Sync="TRUE">NAD_1983_UTM_Zone_15N</projcsn></cordsysn><planar><planci><plance Sync="TRUE">coordinate pair</plance><plandu Sync="TRUE">meters</plandu><coordrep><absres Sync="TRUE">0.001024</absres><ordres Sync="TRUE">0.001024</ordres></coordrep></planci><gridsys><gridsysn Sync="TRUE">Universal Transverse Mercator</gridsysn><utm><utmzone Sync="TRUE">15</utmzone><transmer><sfctrmer Sync="TRUE">0.999600</sfctrmer><longcm Sync="TRUE">-93.000000</longcm><latprjo Sync="TRUE">0.000000</latprjo><feast Sync="TRUE">500000.000000</feast><fnorth Sync="TRUE">0.000000</fnorth></transmer></utm></gridsys></planar><geodetic><horizdn Sync="TRUE">North American Datum of 1983</horizdn><ellips Sync="TRUE">Geodetic Reference System 80</ellips><semiaxis Sync="TRUE">6378137.000000</semiaxis><denflat Sync="TRUE">298.257222</denflat></geodetic></horizsys></spref><refSysInfo><RefSystem><refSysID><identCode Sync="TRUE">NAD_1983_UTM_Zone_15N</identCode></refSysID></RefSystem></refSysInfo><spatRepInfo><VectSpatRep><topLvl><TopoLevCd Sync="TRUE" value="001"></TopoLevCd></topLvl><geometObjs Name="highway"><geoObjTyp><GeoObjTypCd Sync="TRUE" value="001"></GeoObjTypCd></geoObjTyp><geoObjCnt Sync="TRUE">1821</geoObjCnt></geometObjs></VectSpatRep></spatRepInfo><mdDateSt Sync="TRUE">20040521</mdDateSt></metadata>
