<?xml version="1.0" encoding="UTF-8"?>
<metadata xml:lang="en"><Esri><MetaID>{6992E36F-83D4-459D-9EAD-E8F9A6D95167}</MetaID><CreaDate>20030711</CreaDate><CreaTime>11542900</CreaTime><SyncOnce>FALSE</SyncOnce><SyncDate>20031107</SyncDate><SyncTime>12004300</SyncTime><ModDate>20031107</ModDate><ModTime>12004300</ModTime></Esri><idinfo><citation><citeinfo><origin>Robert Willhite, Steve Lindmark</origin><pubdate>04/06/94</pubdate><pubinfo><pubplace>None</pubplace><publish>Army Corp of Engineers, Rock Island District</publish></pubinfo><title>Hospitals of Iowa</title><ftname Sync="TRUE">hospital</ftname><geoform Sync="TRUE">vector digital data</geoform><onlink>ftp://ftp.igsb.uiowa.edu/gis_library/IA_State/Infrastructure/hospital.zip</onlink></citeinfo><datacred>Robert Willhite, Steve Lindmark</datacred><native>ARC/INFO v.6.1.1</native></citation><descript><abstract>The hospitals coverage consists of point locations manually digitized from 1:24K USGS Quadrangles.  Attribute data is derived from the "1994 Health Care Facilities In Iowa" book published by the Iowa Dept. of Inspections and Appeals, Division of Health Facilities. "Hospital" means any place that is devoted primarily to the maintenance of facilities for the diagnosis, treatment or care of two or more non-related individuals suffering from illness, injury or deformity for a period exceeding 24 hours.  It is also a place which is devoted primarily to the rendering of obstetrical or other medical/nursing care for two or more nonrelated individuals for a period exceeding 24 hours.  It can be any institution, place, building or agency in which any accommodation is primarily maintained, furnished or offered for the care of two or more non-related aged or informed persons requiring or receiving chronic or convalescent care for a period exceeding 24 hours.  Hospitals shall include sanitariums or 

other related institutions within the meaning of the federal Hill-Burton Act.  A hospital shall include, in any event, any facilities wholly or partially constructed, or to be constructed, with federal assistance pursuant to Public Law 725, 79th Congress, approved August 13, 1946.

</abstract><purpose>This digital, geographically referenced data set was developed by the Iowa Department of Natural Resources to carry out agency responsibilities related to management, protection, and development of Iowa's natural resources.</purpose><langdata Sync="TRUE">en</langdata></descript><timeperd><current>publication date</current><timeinfo><sngdate><caldate>01/08/97</caldate></sngdate></timeinfo></timeperd><status><progress>Complete</progress><update>None planned</update></status><keywords><theme><themekt>None</themekt><themekey>None</themekey></theme></keywords><accconst>None</accconst><useconst>None</useconst><ptcontac><cntinfo><cntperp><cntper>Jim Giglierano</cntper><cntorg>Iowa Department of Natural Resources</cntorg></cntperp><cntaddr><address>109 Trowbridge Hall</address><city>Iowa City</city><state>IA</state><postal>52242-1319</postal></cntaddr></cntinfo></ptcontac><native Sync="TRUE">Microsoft Windows 2000 Version 5.0 (Build 2195) Service Pack 4; ESRI ArcCatalog 8.3.0.800</native><spdom><bounding><westbc Sync="TRUE">-96.498050</westbc><eastbc Sync="TRUE">-90.117373</eastbc><northbc Sync="TRUE">43.467650</northbc><southbc Sync="TRUE">40.370059</southbc></bounding><lboundng><leftbc Sync="TRUE">216792.033467</leftbc><rightbc Sync="TRUE">733313.567728</rightbc><bottombc Sync="TRUE">4474174.443496</bottombc><topbc Sync="TRUE">4812749.747853</topbc></lboundng></spdom><natvform Sync="TRUE">Shapefile</natvform></idinfo><dataqual><posacc><horizpa><horizpar>None</horizpar></horizpa></posacc><lineage><srcinfo>None<srcscale>24,000</srcscale><typesrc>1:24,000 Quadrangles &amp; 1994 Health Care Facilities in IA</typesrc></srcinfo><procstep><procdesc>The corners of each Quadrangle were used as tics.  Tics generated in Lat-Long coordinates.  Tics &amp; point locations then manually digitized from Quad maps.  Digitized Quad maps then appended into one coverage.  This coverage was then projected in UTM.</procdesc></procstep><procstep><procdesc Sync="TRUE">Metadata imported.</procdesc><srcused Sync="TRUE">P:\Metadata\ia_state\Hospitals.xml</srcused><date Sync="TRUE">20030711</date><time Sync="TRUE">11542900</time></procstep></lineage></dataqual><eainfo><overview><eaover>Hospitals-id:  Unique identifying number

Name		Name of Hospital

Address		Mailing Address

City		Name of City

Zip Code	Postal Zip Code

Phone		Area Code and Phone Number

County		County name in which hospital is located

Quadmap	USGS Quadrangle digitized

CEO		Chief Executive Officer of hospital

Accreditation	JCAHO

		AOA

		NON-ACCREDITED



There are two types of accreditation for hospitals.  According to Title 42 in the Code of Federal regulations, institutions that are surveyed and accredited as hospitals by the Joint Commission on Accreditation of Health Care Organizations (JCAHO) or the American Osteopathic Association (AOA) are deemed to meet all of the Medicare Conditions of Participation for hospitals except the requirement for utilization review and the special staffing and medical records requirements for the provision of active treatment in psychiatric hospitals. Non-accredited hospitals are surveyed by the state survey agency (in Iowa, the Department of Inspections and Appeals) to determine compliance with the Medicare Conditions of Participation. Definition is found in Chapter 135B of the Code of Iowa and Title 42 in the Code of Federal Regulations.



Beds		Number of beds in the Hospital.<eadetcit>None</eadetcit></eaover></overview><detailed Name="hospital"><enttyp><enttypl Sync="TRUE">hospital</enttypl><enttypt Sync="TRUE">Feature Class</enttypt><enttypc Sync="TRUE">137</enttypc></enttyp><attr><attrlabl Sync="TRUE">FID</attrlabl><attalias Sync="TRUE">FID</attalias><attrtype Sync="TRUE">OID</attrtype><attwidth Sync="TRUE">4</attwidth><atprecis Sync="TRUE">0</atprecis><attscale Sync="TRUE">0</attscale><attrdef Sync="TRUE">Internal feature number.</attrdef><attrdefs Sync="TRUE">ESRI</attrdefs><attrdomv><udom Sync="TRUE">Sequential unique whole numbers that are automatically generated.</udom></attrdomv></attr><attr><attrlabl Sync="TRUE">Shape</attrlabl><attalias Sync="TRUE">Shape</attalias><attrtype Sync="TRUE">Geometry</attrtype><attwidth Sync="TRUE">0</attwidth><atprecis Sync="TRUE">0</atprecis><attscale Sync="TRUE">0</attscale><attrdef Sync="TRUE">Feature geometry.</attrdef><attrdefs Sync="TRUE">ESRI</attrdefs><attrdomv><udom Sync="TRUE">Coordinates defining the features.</udom></attrdomv></attr><attr><attrlabl Sync="TRUE">AREA</attrlabl><attalias Sync="TRUE">AREA</attalias><attrtype Sync="TRUE">Number</attrtype><attwidth Sync="TRUE">19</attwidth><atnumdec Sync="TRUE">6</atnumdec></attr><attr><attrlabl Sync="TRUE">PERIMETER</attrlabl><attalias Sync="TRUE">PERIMETER</attalias><attrtype Sync="TRUE">Number</attrtype><attwidth Sync="TRUE">19</attwidth><atnumdec Sync="TRUE">6</atnumdec></attr><attr><attrlabl Sync="TRUE">HOSPITAL_</attrlabl><attalias Sync="TRUE">HOSPITAL_</attalias><attrtype Sync="TRUE">Number</attrtype><attwidth Sync="TRUE">11</attwidth></attr><attr><attrlabl Sync="TRUE">HOSPITAL_I</attrlabl><attalias Sync="TRUE">HOSPITAL_I</attalias><attrtype Sync="TRUE">Number</attrtype><attwidth Sync="TRUE">11</attwidth></attr><attr><attrlabl Sync="TRUE">NAME</attrlabl><attalias Sync="TRUE">NAME</attalias><attrtype Sync="TRUE">String</attrtype><attwidth Sync="TRUE">60</attwidth></attr><attr><attrlabl Sync="TRUE">ADDRESS</attrlabl><attalias Sync="TRUE">ADDRESS</attalias><attrtype Sync="TRUE">String</attrtype><attwidth Sync="TRUE">60</attwidth></attr><attr><attrlabl Sync="TRUE">CITY</attrlabl><attalias Sync="TRUE">CITY</attalias><attrtype Sync="TRUE">String</attrtype><attwidth Sync="TRUE">45</attwidth></attr><attr><attrlabl Sync="TRUE">ZIPCODE</attrlabl><attalias Sync="TRUE">ZIPCODE</attalias><attrtype Sync="TRUE">String</attrtype><attwidth Sync="TRUE">10</attwidth></attr><attr><attrlabl Sync="TRUE">PHONE</attrlabl><attalias Sync="TRUE">PHONE</attalias><attrtype Sync="TRUE">String</attrtype><attwidth Sync="TRUE">15</attwidth></attr><attr><attrlabl Sync="TRUE">QUAD_MAP</attrlabl><attalias Sync="TRUE">QUAD_MAP</attalias><attrtype Sync="TRUE">String</attrtype><attwidth Sync="TRUE">50</attwidth></attr><attr><attrlabl Sync="TRUE">CEO</attrlabl><attalias Sync="TRUE">CEO</attalias><attrtype Sync="TRUE">String</attrtype><attwidth Sync="TRUE">60</attwidth></attr><attr><attrlabl Sync="TRUE">ACCREDITAT</attrlabl><attalias Sync="TRUE">ACCREDITAT</attalias><attrtype Sync="TRUE">String</attrtype><attwidth Sync="TRUE">15</attwidth></attr><attr><attrlabl Sync="TRUE">BEDS</attrlabl><attalias Sync="TRUE">BEDS</attalias><attrtype Sync="TRUE">Number</attrtype><attwidth Sync="TRUE">5</attwidth></attr><attr><attrlabl Sync="TRUE">CO_NUMBER</attrlabl><attalias Sync="TRUE">CO_NUMBER</attalias><attrtype Sync="TRUE">Number</attrtype><attwidth Sync="TRUE">2</attwidth></attr><attr><attrlabl Sync="TRUE">CO_NAME</attrlabl><attalias Sync="TRUE">CO_NAME</attalias><attrtype Sync="TRUE">String</attrtype><attwidth Sync="TRUE">14</attwidth></attr></detailed></eainfo><distinfo><distrib>Iowa Department of Natural Resources</distrib><resdesc>Hospitals</resdesc><distliab>This digital, geographically referenced data set was developed by the Iowa Department of Natural Resources to carry out agency responsibilities related to management, protection, and development of Iowa's natural resources.  It resides in the Natural Resources Geographic Information System library. Although efforts have been made to make it useful to the Department, the Department assumes no responsibility for errors in the information.  Similarly the Department assumes no responsibility for the consequences of inappropriate uses or interpretations of the data made by anyone to whom this data has been made available.  The Department bears no responsibility to inform users of any changes made to this data.  Anyone using this data is advised that precision implied by the coverage may far exceed actual precision.  Comments on this data are invited and the Department would appreciate that documented errors be brought to staff attention.  The development of the coverages in the NRGIS Library represents a major investment of staff time and effort.  As a professional responsibility, we expect that the Iowa DNR will receive proper credit when you utilize these GIS coverages and that the original documentation will remain with any redistribution of these coverages.</distliab><stdorder><digform><digtinfo>Shapefile<formverd>01/08/97</formverd><transize Sync="TRUE">0.076</transize><dssize Sync="TRUE">0.076</dssize></digtinfo><digtopt><onlinopt><computer><networka><networkr>ftp://ftp.igsb.uiowa.edu/gis_library/IA_state/Infrastructure/Hospitals.zip</networkr></networka></computer></onlinopt></digtopt></digform></stdorder></distinfo><metainfo><metc><cntinfo><cntorgp><cntper>Casey Kohrt</cntper><cntorg>Iowa Department of Natural Resources - Geological Survey</cntorg></cntorgp><cntaddr><address>109 Trowbridge Hall</address><city>Iowa City</city><state>IA</state><postal>52242-1319</postal><addrtype>Mailing and Physical</addrtype></cntaddr><cntvoice>319-335-1353</cntvoice><cntemail>gis_library@igsb.uiowa.edu</cntemail></cntinfo></metc><metac>None</metac><metuc>None</metuc><langmeta Sync="TRUE">en</langmeta><metstdn Sync="TRUE">FGDC Content Standards for Digital Geospatial Metadata</metstdn><metstdv Sync="TRUE">FGDC-STD-001-1998</metstdv><mettc Sync="TRUE">local time</mettc><metd Sync="TRUE">20031107</metd><metextns><onlink Sync="TRUE">http://www.esri.com/metadata/esriprof80.html</onlink><metprof Sync="TRUE">ESRI Metadata Profile</metprof></metextns></metainfo><citeinfo><origin>Robert Willhite, Steve Lindmark</origin><pubdate>Complete</pubdate><title>Hospitals</title><geoform>Shapefile</geoform><pubinfo><pubplace>None</pubplace><publish>Army Corp of Engineers, Rock Island District</publish></pubinfo><othercit>None</othercit></citeinfo><timeinfo><sngdate><caldate>01/08/97</caldate></sngdate></timeinfo><cntinfo><cntperp><cntper>Casey Kohrt</cntper><cntorg>Iowa Department of Natural Resources - Geological Survey</cntorg></cntperp><cntaddr><addrtype>Mailing and Physical</addrtype><address>109 Trowbridge Hall</address><city>Iowa City</city><state>IA</state><postal>52242-1319</postal></cntaddr><cntvoice>319-335-1353</cntvoice><cntemail>gis_library@igsb.uiowa.edu</cntemail></cntinfo><dataIdInfo><envirDesc Sync="TRUE">Microsoft Windows 2000 Version 5.0 (Build 2195) Service Pack 4; ESRI ArcCatalog 8.3.0.800</envirDesc><dataLang><languageCode Sync="TRUE" value="en"></languageCode></dataLang><idCitation><resTitle Sync="TRUE">hospital</resTitle><presForm><PresFormCd Sync="TRUE" value="005"></PresFormCd></presForm></idCitation><spatRpType><SpatRepTypCd Sync="TRUE" value="001"></SpatRepTypCd></spatRpType><geoBox esriExtentType="decdegrees"><westBL Sync="TRUE">-96.49805</westBL><eastBL Sync="TRUE">-90.117373</eastBL><northBL Sync="TRUE">43.46765</northBL><southBL Sync="TRUE">40.370059</southBL><exTypeCode Sync="TRUE">1</exTypeCode></geoBox><dataExt><geoEle><GeoBndBox esriExtentType="native"><westBL Sync="TRUE">216792.033467</westBL><eastBL Sync="TRUE">733313.567728</eastBL><northBL Sync="TRUE">4812749.747853</northBL><southBL Sync="TRUE">4474174.443496</southBL><exTypeCode Sync="TRUE">1</exTypeCode></GeoBndBox></geoEle></dataExt></dataIdInfo><mdLang><languageCode Sync="TRUE" value="en"></languageCode></mdLang><mdStanName Sync="TRUE">ISO 19115 Geographic Information - Metadata</mdStanName><mdStanVer Sync="TRUE">DIS_ESRI1.0</mdStanVer><mdChar><CharSetCd Sync="TRUE" value="004"></CharSetCd></mdChar><mdHrLv><ScopeCd Sync="TRUE" value="005"></ScopeCd></mdHrLv><mdHrLvName Sync="TRUE">dataset</mdHrLvName><distInfo><distributor><distorTran><onLineSrc><orDesc Sync="TRUE">002</orDesc><linkage Sync="TRUE">file://\\Idnrgsb9\NEW_LIB\Data_NAD83\IA_State\Infrastructure\hospital.shp</linkage><protocol Sync="TRUE">Local Area Network</protocol></onLineSrc><transSize Sync="TRUE">0.076</transSize></distorTran><distorFormat><formatName Sync="TRUE">Shapefile</formatName></distorFormat></distributor></distInfo><spdoinfo><direct Sync="TRUE">Vector</direct><ptvctinf><esriterm Name="hospital"><efeatyp Sync="TRUE">Simple</efeatyp><efeageom Sync="TRUE">Point</efeageom><esritopo Sync="TRUE">FALSE</esritopo><efeacnt Sync="TRUE">137</efeacnt><spindex Sync="TRUE">TRUE</spindex><linrefer Sync="TRUE">FALSE</linrefer></esriterm><sdtsterm Name="hospital"><sdtstype Sync="TRUE">Entity point</sdtstype><ptvctcnt Sync="TRUE">137</ptvctcnt></sdtsterm></ptvctinf></spdoinfo><spref><horizsys><cordsysn><geogcsn Sync="TRUE">GCS_North_American_1983</geogcsn><projcsn Sync="TRUE">NAD_1983_UTM_Zone_15N</projcsn></cordsysn><planar><planci><plance Sync="TRUE">coordinate pair</plance><plandu Sync="TRUE">meters</plandu><coordrep><absres Sync="TRUE">0.001024</absres><ordres Sync="TRUE">0.001024</ordres></coordrep></planci><gridsys><gridsysn Sync="TRUE">Universal Transverse Mercator</gridsysn><utm><utmzone Sync="TRUE">15</utmzone><transmer><sfctrmer Sync="TRUE">0.999600</sfctrmer><longcm Sync="TRUE">-93.000000</longcm><latprjo Sync="TRUE">0.000000</latprjo><feast Sync="TRUE">500000.000000</feast><fnorth Sync="TRUE">0.000000</fnorth></transmer></utm></gridsys></planar><geodetic><horizdn Sync="TRUE">North American Datum of 1983</horizdn><ellips Sync="TRUE">Geodetic Reference System 80</ellips><semiaxis Sync="TRUE">6378137.000000</semiaxis><denflat Sync="TRUE">298.257222</denflat></geodetic></horizsys></spref><refSysInfo><RefSystem><refSysID><identCode Sync="TRUE">NAD_1983_UTM_Zone_15N</identCode></refSysID></RefSystem></refSysInfo><spatRepInfo><VectSpatRep><topLvl><TopoLevCd Sync="TRUE" value="001"></TopoLevCd></topLvl><geometObjs Name="hospital"><geoObjTyp><GeoObjTypCd Sync="TRUE" value="004"></GeoObjTypCd></geoObjTyp><geoObjCnt Sync="TRUE">137</geoObjCnt></geometObjs></VectSpatRep></spatRepInfo><mdDateSt Sync="TRUE">20031107</mdDateSt></metadata>
