<?xml version="1.0" encoding="ISO-8859-1"?>
<!DOCTYPE metadata SYSTEM "http://www.fgdc.gov/metadata/fgdc-std-001-1998.dtd">
<metadata>
	<idinfo>
		<citation>
			<citeinfo>
				<origin>Iowa Natural Heritage Foundation</origin>
				<pubdate>April 2007</pubdate>
				<title>State of Iowa Museums</title>
				<geoform Sync="TRUE">vector digital data</geoform>
				<pubinfo>
					<pubplace>Iowa City, Iowa</pubplace>
					<publish>Iowa Geological Survey, DNR</publish>
				</pubinfo>
				<onlink>ftp://ftp.igsb.uiowa.edu/gis_library/ia_state/infrastructure/facilities/museum.zip</onlink>
				<ftname Sync="TRUE">museum</ftname><edition>20070529</edition></citeinfo>
		</citation>
		<descript>
			<abstract>This dataset was created by the Iowa Natural Heritage Foundation in cooperation with state museum association members. It is a statewide distribution of Iowa state museums.</abstract>
			<purpose>This digital, geographically referenced data set was developed by the Iowa Department of Natural Resources to carry out agency responsibilities related to management, protection, and development of Iowa's natural resources.</purpose>
			<langdata Sync="TRUE">en</langdata></descript>
		<timeperd>
			<timeinfo>
				<sngdate>
					<caldate>April 2007</caldate>
				</sngdate>
			</timeinfo>
			<current>publication date</current>
		</timeperd>
		<status>
			<progress>Complete</progress>
			<update>Unknown</update>
		</status>
		<spdom>
			<bounding>
				<westbc Sync="TRUE">-96.454582</westbc>
				<eastbc Sync="TRUE">-90.113886</eastbc>
				<northbc Sync="TRUE">43.461867</northbc>
				<southbc Sync="TRUE">40.580590</southbc>
			</bounding>
			<lboundng><leftbc Sync="TRUE">220290.927141</leftbc><rightbc Sync="TRUE">733618.469572</rightbc><bottombc Sync="TRUE">4497450.796080</bottombc><topbc Sync="TRUE">4812106.456174</topbc></lboundng></spdom>
		<keywords>
			<theme>
				<themekt>None</themekt>
				<themekey>museums</themekey>
				<themekey>historical</themekey>
				<themekey>history</themekey>
				<themekey>facility</themekey>
			</theme>
			<theme>
				<themekt>ISO 19115 Topic Category</themekt>
				<themekey>structure</themekey></theme>
		</keywords>
		<accconst>None</accconst>
		<useconst>The development of the coverages in the NRGIS Library represents a major investment of staff time and effort.  As a professional responsibility, the Iowa DNR expects to receive proper credit when these GIS coverages are utilized. The Department also expects that the original documentation will remain with any redistribution of these coverages.</useconst>
		<ptcontac>
			<cntinfo>
				<cntperp>
					<cntper>Andrea Chase</cntper>
					<cntorg>Iowa Natural Heritage Foundation</cntorg>
				</cntperp>
				<cntpos>Trails Coordinator</cntpos>
				<cntaddr>
				</cntaddr>
				<cntvoice>515-288-1846</cntvoice>
				<cntfax>515-288-0137</cntfax>
				<cntemail>achase@inhf.org</cntemail>
				<hours>M-F, 8 AM - 4 PM</hours>
				<cntinst>Alternate contact at Iowa DNR is Cam Conrad, 515-281-5843, cam.conrad@dnr.state.ia.us</cntinst>
			</cntinfo>
		</ptcontac>
		<native Sync="TRUE">Microsoft Windows 2000 Version 5.0 (Build 2195) Service Pack 4; ESRI ArcCatalog 9.2.1.1332</native>
		<natvform Sync="TRUE">Shapefile</natvform></idinfo>
	<dataqual>
		<posacc>
			<horizpa>
				<horizpar>Geocoded street addresses to get latitude, longitude coordinates for each museum</horizpar>
			</horizpa>
		</posacc>
		<lineage>
			<procstep>
				<procdesc>Geocoded street addresses for each museum to get latitude and longitude coordinates, which were entered into Excel spreadsheet.</procdesc>
			</procstep>
			<procstep>
				<procdesc>Created point shapefile from latitude and longitude coordinates in Excel spreadsheet. Reprojected points from the Geographic lat/long WGS 1984 projection to UTM NAD 1983 Zone 15N projection.</procdesc>
				<procdate>04/19/2007</procdate>
			</procstep>
		</lineage>
	</dataqual>
	<spdoinfo>
		<direct Sync="TRUE">Vector</direct>
		<ptvctinf>
			<sdtsterm Name="museum">
				<sdtstype Sync="TRUE">Entity point</sdtstype>
				<ptvctcnt Sync="TRUE">166</ptvctcnt>
			</sdtsterm>
			<esriterm Name="museum"><efeatyp Sync="TRUE">Simple</efeatyp><efeageom Sync="TRUE">Point</efeageom><esritopo Sync="TRUE">FALSE</esritopo><efeacnt Sync="TRUE">166</efeacnt><spindex Sync="TRUE">TRUE</spindex><linrefer Sync="TRUE">FALSE</linrefer></esriterm></ptvctinf>
	</spdoinfo>
	<spref>
		<horizsys>
			<geodetic>
				<horizdn Sync="TRUE">North American Datum of 1983</horizdn>
				<ellips Sync="TRUE">Geodetic Reference System 80</ellips>
				<semiaxis Sync="TRUE">6378137.000000</semiaxis>
				<denflat Sync="TRUE">298.257222</denflat>
			</geodetic>
			<cordsysn><geogcsn Sync="TRUE">GCS_North_American_1983</geogcsn><projcsn Sync="TRUE">NAD_1983_UTM_Zone_15N</projcsn></cordsysn><planar><planci><plance Sync="TRUE">coordinate pair</plance><plandu Sync="TRUE">meters</plandu><coordrep><absres Sync="TRUE">0.000000</absres><ordres Sync="TRUE">0.000000</ordres></coordrep></planci><gridsys><gridsysn Sync="TRUE">Universal Transverse Mercator</gridsysn><utm><utmzone Sync="TRUE">15</utmzone><transmer><sfctrmer Sync="TRUE">0.999600</sfctrmer><longcm Sync="TRUE">-93.000000</longcm><latprjo Sync="TRUE">0.000000</latprjo><feast Sync="TRUE">500000.000000</feast><fnorth Sync="TRUE">0.000000</fnorth></transmer></utm></gridsys></planar></horizsys>
		<vertdef>
			<altsys>
				<altres>1.000000</altres>
				<altenc>Explicit elevation coordinate included with horizontal coordinates</altenc>
			</altsys>
		</vertdef>
	</spref>
	<eainfo>
		<detailed Name="museum">
			<attr><attrlabl Sync="TRUE">LATITUDE</attrlabl><attalias Sync="TRUE">LATITUDE</attalias><attrtype Sync="TRUE">Double</attrtype><attwidth Sync="TRUE">8</attwidth><atprecis Sync="TRUE">19</atprecis><attscale Sync="TRUE">6</attscale></attr><attr>
				<attrlabl>Shape</attrlabl>
				<attrdef>Feature geometry.</attrdef>
				<attrdefs>ESRI</attrdefs>
				<attrdomv>
					<udom>Coordinates defining the features.</udom>
				</attrdomv>
				<attrtype Sync="TRUE">String</attrtype><attwidth Sync="TRUE">100</attwidth></attr>
			<enttyp>
				<enttypl>Museum</enttypl>
				<enttypt Sync="TRUE">Feature Class</enttypt><enttypc Sync="TRUE">166</enttypc></enttyp>
			<attr><attrlabl Sync="TRUE">NAME</attrlabl><attalias Sync="TRUE">NAME</attalias><attrtype Sync="TRUE">String</attrtype><attwidth Sync="TRUE">100</attwidth></attr><attr><attrlabl Sync="TRUE">PHONE</attrlabl><attalias Sync="TRUE">PHONE</attalias><attrtype Sync="TRUE">String</attrtype><attwidth Sync="TRUE">50</attwidth></attr><attr><attrlabl Sync="TRUE">WEBSITE</attrlabl><attalias Sync="TRUE">WEBSITE</attalias><attrtype Sync="TRUE">String</attrtype><attwidth Sync="TRUE">50</attwidth></attr><attr><attrlabl Sync="TRUE">EMAIL</attrlabl><attalias Sync="TRUE">EMAIL</attalias><attrtype Sync="TRUE">String</attrtype><attwidth Sync="TRUE">50</attwidth></attr><attr><attrlabl Sync="TRUE">ADDRESS</attrlabl><attalias Sync="TRUE">ADDRESS</attalias><attrtype Sync="TRUE">String</attrtype><attwidth Sync="TRUE">50</attwidth></attr><attr><attrlabl Sync="TRUE">CITY</attrlabl><attalias Sync="TRUE">CITY</attalias><attrtype Sync="TRUE">String</attrtype><attwidth Sync="TRUE">50</attwidth></attr><attr><attrlabl Sync="TRUE">ZIP</attrlabl><attalias Sync="TRUE">ZIP</attalias><attrtype Sync="TRUE">String</attrtype><attwidth Sync="TRUE">20</attwidth></attr><attr>
				<attrlabl>SHAPE</attrlabl>
				<attrdef>Feature geometry.</attrdef>
				<attrdefs>ESRI</attrdefs>
				<attrdomv>
					<udom>Coordinates defining the features.</udom>
				</attrdomv>
				<attrtype Sync="TRUE">Number</attrtype><attwidth Sync="TRUE">19</attwidth><atnumdec Sync="TRUE">6</atnumdec></attr>
			<attr><attrlabl Sync="TRUE">LONGITUDE</attrlabl><attalias Sync="TRUE">LONGITUDE</attalias><attrtype Sync="TRUE">Number</attrtype><attwidth Sync="TRUE">19</attwidth><atnumdec Sync="TRUE">6</atnumdec></attr><attr><attrlabl Sync="TRUE">FID</attrlabl><attalias Sync="TRUE">FID</attalias><attrtype Sync="TRUE">OID</attrtype><attwidth Sync="TRUE">4</attwidth><atprecis Sync="TRUE">0</atprecis><attscale Sync="TRUE">0</attscale><attrdef Sync="TRUE">Internal feature number.</attrdef><attrdefs Sync="TRUE">ESRI</attrdefs><attrdomv><udom Sync="TRUE">Sequential unique whole numbers that are automatically generated.</udom></attrdomv></attr></detailed>
		<overview>
			<eaover>NAME = Museum organization name
PHONE = Contact telephone number for museum
EMAIL = Electronic mail address for contacting museum
WEBSITE = Associated URL Web address (if available) related to museum
ADDRESS = Street address of museum location
CITY = City of or nearest to museum location
ZIP = Zip code of museum
LONGITUDE = Y coordinate for museum as longitude
LATITUDE = X coordinate for museum as latitude</eaover>
		</overview>
	</eainfo>
	<distinfo>
		<distrib>
			<cntinfo>
				<cntorgp>
					<cntorg>Iowa Geological Survey, DNR</cntorg>
					<cntper>GIS Librarian</cntper>
				</cntorgp>
				<cntaddr>
					<addrtype>mailing and physical address</addrtype>
					<address>109 Trowbridge Hall</address>
					<city>Iowa City</city>
					<state>IA</state>
					<postal>52242</postal>
				</cntaddr>
				<cntvoice>319-335-1353</cntvoice>
				<cntemail>gis_library@igsb.uiowa.edu</cntemail>
			</cntinfo>
		</distrib>
		<resdesc>Downloadable Data</resdesc>
		<distliab>Although efforts have been made in correcting errors in order to make this information useful to the Department, the Department assumes no responsibility for errors in the information.  Similarly, the Department assumes no responsibility for the consequences of inappropriate uses or interpretations of the data made by anyone to whom this data has been made available.  The Department bears no responsibility to inform users of any changes made to this data.  Anyone using this data is advised that precision implied by the coverage may far exceed actual precision.  Comments on this data are invited and the Department would appreciate that documented errors be brought to staff attention.</distliab>
		<stdorder>
			<digform>
				<digtinfo>
					<transize>0.005</transize>
					<dssize Sync="TRUE">0.005</dssize></digtinfo>
				<digtopt>
					<onlinopt>
						<computer>
							<networka>
								<networkr>ftp://ftp.igsb.uiowa.edu/gis_library/ia_state/infrastructure/facilities/museum.zip</networkr>
							</networka>
						</computer>
					</onlinopt>
				</digtopt>
			</digform>
		</stdorder>
		<availabl>
			<timeinfo>
				<sngdate>
					<caldate>365 days/year</caldate>
					<time>24 hours/day</time>
				</sngdate>
			</timeinfo>
		</availabl>
	</distinfo>
	<metainfo>
		<metd Sync="TRUE">20070606</metd>
		<metc>
			<cntinfo>
				<cntorgp>
					<cntorg>Iowa Geological Survey, DNR</cntorg>
					<cntper>GIS Librarian</cntper>
				</cntorgp>
				<cntaddr>
					<addrtype>Mailing and Physical</addrtype>
					<address>109 Trowbridge Hall</address>
					<city>Iowa City</city>
					<state>IA</state>
					<postal>52242-1319</postal>
				</cntaddr>
				<cntvoice>319-335-1353</cntvoice>
				<cntemail>gis_library@igsb.uiowa.edu</cntemail>
			</cntinfo>
		</metc>
		<metstdn Sync="TRUE">FGDC Content Standards for Digital Geospatial Metadata</metstdn>
		<metstdv Sync="TRUE">FGDC-STD-001-1998</metstdv>
		<mettc Sync="TRUE">local time</mettc>
		<metac>None</metac>
		<metuc>None</metuc>
		<metextns>
			<onlink>http://www.esri.com/metadata/esriprof80.html</onlink>
			<metprof>ESRI Metadata Profile</metprof>
		</metextns>
		<metextns>
			<onlink>http://www.esri.com/metadata/esriprof80.html</onlink>
			<metprof>ESRI Metadata Profile</metprof>
		</metextns>
		<langmeta Sync="TRUE">en</langmeta><metextns><onlink Sync="TRUE">http://www.esri.com/metadata/esriprof80.html</onlink><metprof Sync="TRUE">ESRI Metadata Profile</metprof></metextns></metainfo>
	<Esri><CreaDate>20070530</CreaDate><CreaTime>09244600</CreaTime><SyncOnce>FALSE</SyncOnce><SyncDate>20070606</SyncDate><SyncTime>11530000</SyncTime><ModDate>20070606</ModDate><ModTime>11530000</ModTime><MetaID>{7988ECD9-DE35-433A-A10D-595AB93A0B12}</MetaID><DataProperties><lineage><Process Name="Project_5" ToolSource="C:\Program Files\ArcGIS\ArcToolbox\Toolboxes\Data Management Tools.tbx\Project" Date="20070530" Time="092446">Project C:\D\Projects\Recreation\NaturalHeritageFoundation\museum_forexporttoSDE.shp C:\D\Projects\Recreation\NaturalHeritageFoundation\museum_forexporttoSDE_Projec.shp PROJCS['NAD_1983_UTM_Zone_15N',GEOGCS['GCS_North_American_1983',DATUM['D_North_American_1983',SPHEROID['GRS_1980',6378137.0,298.257222101]],PRIMEM['Greenwich',0.0],UNIT['Degree',0.0174532925199433]],PROJECTION['Transverse_Mercator'],PARAMETER['False_Easting',500000.0],PARAMETER['False_Northing',0.0],PARAMETER['Central_Meridian',-93.0],PARAMETER['Scale_Factor',0.9996],PARAMETER['Latitude_Of_Origin',0.0],UNIT['Meter',1.0]] NAD_1983_To_WGS_1984_1 GEOGCS['GCS_WGS_1984',DATUM['D_WGS_1984',SPHEROID['WGS_1984',6378137.0,298.257223563]],PRIMEM['Greenwich',0.0],UNIT['Degree',0.0174532925199433]]</Process><Process Name="FeatureClassToFeatureClass_8" ToolSource="C:\Program Files\ArcGIS\ArcToolbox\Toolboxes\Conversion Tools.tbx\FeatureClassToFeatureClass" Date="20070530" Time="093327">FeatureClassToFeatureClass C:\D\Projects\Recreation\NaturalHeritageFoundation\museum_forexporttoSDE.shp "Database Connections\INFRASTRUCTURE@NRGIS_IA_STATE@IDNRSDE1.sde" MUSEUM # "NAME NAME true false false 100 Text 0 0 ,First,#,C:\D\Projects\Recreation\NaturalHeritageFoundation\museum_forexporttoSDE.shp,NAME1,-1,-1;PHONE PHONE true false false 50 Text 0 0 ,First,#,C:\D\Projects\Recreation\NaturalHeritageFoundation\museum_forexporttoSDE.shp,PHONE1,-1,-1;WEBSITE WEBSITE true false false 50 Text 0 0 ,First,#,C:\D\Projects\Recreation\NaturalHeritageFoundation\museum_forexporttoSDE.shp,WEBSITE1,-1,-1;EMAIL EMAIL true false false 50 Text 0 0 ,First,#,C:\D\Projects\Recreation\NaturalHeritageFoundation\museum_forexporttoSDE.shp,EMAIL1,-1,-1;ADDRESS ADDRESS true false false 50 Text 0 0 ,First,#,C:\D\Projects\Recreation\NaturalHeritageFoundation\museum_forexporttoSDE.shp,ADDRESS1,-1,-1;CITY CITY true false false 50 Text 0 0 ,First,#,C:\D\Projects\Recreation\NaturalHeritageFoundation\museum_forexporttoSDE.shp,CITY1,-1,-1;ZIP ZIP true false false 20 Text 0 0 ,First,#,C:\D\Projects\Recreation\NaturalHeritageFoundation\museum_forexporttoSDE.shp,ZIP1,-1,-1;LONGITUDE LONGITUDE true false false 19 Double 6 18 ,First,#,C:\D\Projects\Recreation\NaturalHeritageFoundation\museum_forexporttoSDE.shp,LONGITUDE1,-1,-1;LATITUDE LATITUDE true false false 19 Double 6 18 ,First,#,C:\D\Projects\Recreation\NaturalHeritageFoundation\museum_forexporttoSDE.shp,LATITUDE1,-1,-1" # "Database Connections\INFRASTRUCTURE@NRGIS_IA_STATE@IDNRSDE1.sde\NRGIS_IA_STATE.INFRASTRUCTURE.MUSEUM"</Process><Process ToolSource="C:\Program Files\ArcGIS\ArcToolbox\Toolboxes\Data Management Tools.tbx\CopyFeatures" Date="20070606" Time="115147">CopyFeatures "Database Connections\INFRASTRUCTURE@NRGIS_IA_STATE@IDNRSDE1.sde\NRGIS_IA_STATE.INFRASTRUCTURE.MUSEUM" C:\Library\infrastructure\NRGIS_IA_STATE_INFRASTRUCTURE_MUSEUM.shp # 0 0 0</Process></lineage></DataProperties></Esri><dataIdInfo><envirDesc Sync="TRUE">Microsoft Windows 2000 Version 5.0 (Build 2195) Service Pack 4; ESRI ArcCatalog 9.2.1.1332</envirDesc><dataLang><languageCode Sync="TRUE" value="en"></languageCode></dataLang><idCitation><resTitle Sync="TRUE">museum</resTitle><presForm><PresFormCd Sync="TRUE" value="005"></PresFormCd></presForm></idCitation><spatRpType><SpatRepTypCd Sync="TRUE" value="001"></SpatRepTypCd></spatRpType><dataExt><geoEle><GeoBndBox esriExtentType="native"><westBL Sync="TRUE">220290.927141</westBL><eastBL Sync="TRUE">733618.469572</eastBL><northBL Sync="TRUE">4812106.456174</northBL><southBL Sync="TRUE">4497450.79608</southBL><exTypeCode Sync="TRUE">1</exTypeCode></GeoBndBox></geoEle></dataExt><geoBox esriExtentType="decdegrees"><westBL Sync="TRUE">-96.454582</westBL><eastBL Sync="TRUE">-90.113886</eastBL><northBL Sync="TRUE">43.461867</northBL><southBL Sync="TRUE">40.58059</southBL><exTypeCode Sync="TRUE">1</exTypeCode></geoBox></dataIdInfo><mdLang><languageCode Sync="TRUE" value="en"></languageCode></mdLang><mdStanName Sync="TRUE">ISO 19115 Geographic Information - Metadata</mdStanName><mdStanVer Sync="TRUE">DIS_ESRI1.0</mdStanVer><mdChar><CharSetCd Sync="TRUE" value="004"></CharSetCd></mdChar><mdHrLv><ScopeCd Sync="TRUE" value="005"></ScopeCd></mdHrLv><mdHrLvName Sync="TRUE">dataset</mdHrLvName><distInfo><distributor><distorTran><onLineSrc><orDesc Sync="TRUE">002</orDesc><linkage Sync="TRUE">file://\\BURROAK\Library\infrastructure\museum.shp</linkage><protocol Sync="TRUE">Local Area Network</protocol></onLineSrc><transSize Sync="TRUE">0.005</transSize></distorTran><distorFormat><formatName Sync="TRUE">Shapefile</formatName></distorFormat></distributor></distInfo><refSysInfo><RefSystem><refSysID><identCode Sync="TRUE">NAD_1983_UTM_Zone_15N</identCode></refSysID></RefSystem></refSysInfo><spatRepInfo><VectSpatRep><topLvl><TopoLevCd Sync="TRUE" value="001"></TopoLevCd></topLvl><geometObjs Name="museum"><geoObjTyp><GeoObjTypCd Sync="TRUE" value="004"></GeoObjTypCd></geoObjTyp><geoObjCnt Sync="TRUE">166</geoObjCnt></geometObjs></VectSpatRep></spatRepInfo><mdDateSt Sync="TRUE">20070606</mdDateSt><distinfo><resdesc>Live Data and Maps</resdesc><distrib><cntinfo><cntorgp><cntorg>Iowa Department of Natural Resources</cntorg></cntorgp><cntpos>IMS Administrator</cntpos><cntvoice>515-281-5843</cntvoice><cntemail>cconrad@dnr.state.ia.us</cntemail></cntinfo></distrib><distliab>Although efforts have been made in correcting errors in order to make this information useful to the Department, the Department assumes no responsibility for errors in the information.  Similarly, the Department assumes no responsibility for the consequences of inappropriate uses or interpretations of the data made by anyone to whom this data has been made available.  The Department bears no responsibility to inform users of any changes made to this data.  Anyone using this data is advised that precision implied by the coverage may far exceed actual precision.  Comments on this data are invited and the Department would appreciate that documented errors be brought to staff attention.</distliab><stdorder><digform><digtinfo><transize>0.005</transize><dssize>0.005</dssize></digtinfo><digtopt><onlinopt><computer><networka><networkr>http://www.iowadnr.gov/</networkr></networka></computer><accinstr>Choose "Mapping (GIS Interactive)" then choose the Recreation Map.</accinstr></onlinopt></digtopt></digform></stdorder></distinfo></metadata>
