GEOid,GEOid2,GEOdisplaylabel,HC01_EST_VC01,HC01_MOE_VC01,HC02_EST_VC01,HC02_MOE_VC01,HC03_EST_VC01,HC03_MOE_VC01,HC04_EST_VC01,HC04_MOE_VC01,HC01_EST_VC02,HC01_MOE_VC02,HC02_EST_VC02,HC02_MOE_VC02,HC03_EST_VC02,HC03_MOE_VC02,HC04_EST_VC02,HC04_MOE_VC02,HC01_EST_VC03,HC01_MOE_VC03,HC02_EST_VC03,HC02_MOE_VC03,HC03_EST_VC03,HC03_MOE_VC03,HC04_EST_VC03,HC04_MOE_VC03,HC01_EST_VC04,HC01_MOE_VC04,HC02_EST_VC04,HC02_MOE_VC04,HC03_EST_VC04,HC03_MOE_VC04,HC04_EST_VC04,HC04_MOE_VC04,HC01_EST_VC05,HC01_MOE_VC05,HC02_EST_VC05,HC02_MOE_VC05,HC03_EST_VC05,HC03_MOE_VC05,HC04_EST_VC05,HC04_MOE_VC05,HC01_EST_VC06,HC01_MOE_VC06,HC02_EST_VC06,HC02_MOE_VC06,HC03_EST_VC06,HC03_MOE_VC06,HC04_EST_VC06,HC04_MOE_VC06,HC01_EST_VC07,HC01_MOE_VC07,HC02_EST_VC07,HC02_MOE_VC07,HC03_EST_VC07,HC03_MOE_VC07,HC04_EST_VC07,HC04_MOE_VC07,HC01_EST_VC08,HC01_MOE_VC08,HC02_EST_VC08,HC02_MOE_VC08,HC03_EST_VC08,HC03_MOE_VC08,HC04_EST_VC08,HC04_MOE_VC08,HC01_EST_VC09,HC01_MOE_VC09,HC02_EST_VC09,HC02_MOE_VC09,HC03_EST_VC09,HC03_MOE_VC09,HC04_EST_VC09,HC04_MOE_VC09,HC01_EST_VC10,HC01_MOE_VC10,HC02_EST_VC10,HC02_MOE_VC10,HC03_EST_VC10,HC03_MOE_VC10,HC04_EST_VC10,HC04_MOE_VC10,HC01_EST_VC11,HC01_MOE_VC11,HC02_EST_VC11,HC02_MOE_VC11,HC03_EST_VC11,HC03_MOE_VC11,HC04_EST_VC11,HC04_MOE_VC11,HC01_EST_VC13,HC01_MOE_VC13,HC02_EST_VC13,HC02_MOE_VC13,HC03_EST_VC13,HC03_MOE_VC13,HC04_EST_VC13,HC04_MOE_VC13,HC01_EST_VC15,HC01_MOE_VC15,HC02_EST_VC15,HC02_MOE_VC15,HC03_EST_VC15,HC03_MOE_VC15,HC04_EST_VC15,HC04_MOE_VC15,HC01_EST_VC18,HC01_MOE_VC18,HC02_EST_VC18,HC02_MOE_VC18,HC03_EST_VC18,HC03_MOE_VC18,HC04_EST_VC18,HC04_MOE_VC18,HC01_EST_VC19,HC01_MOE_VC19,HC02_EST_VC19,HC02_MOE_VC19,HC03_EST_VC19,HC03_MOE_VC19,HC04_EST_VC19,HC04_MOE_VC19,HC01_EST_VC20,HC01_MOE_VC20,HC02_EST_VC20,HC02_MOE_VC20,HC03_EST_VC20,HC03_MOE_VC20,HC04_EST_VC20,HC04_MOE_VC20
0500000US19001,19001,"Adair County, Iowa",3252,124,2062,84,1740,102,1190,103,4.4,1.2,1.6,0.9,1,0.7,9.4,2.7,6.1,1.4,1.8,1,1.6,1,13.5,3.6,11.5,1.8,7.7,1.8,5.1,1.4,19.7,4.4,11.6,2.1,6.6,1.9,5.1,1.6,20.9,5.3,20.1,2.7,19.8,3.2,19.3,3.5,19.3,5.2,20.8,2.2,28.9,3.5,29.5,4.1,10.1,2.5,12.7,1.9,17.5,2.8,19.4,3.2,2.3,1.4,8.9,2,10.2,2.3,12,2.6,4.7,2.9,2.3,1.1,3.5,1.6,4.1,1.9,0,1.7,1.5,0.9,2.4,1.4,2.9,1.6,0,1.7,47264,1914,58822,2467,63902,2632,27071,2387,57994,2872,70302,3938,N,N,34083,3007,22.3,(X),(X),(X),(X),(X),(X),(X),(X),(X),23.7,(X),(X),(X),(X),(X),(X),(X),(X),(X),(X),(X),19.6,(X)
0500000US19003,19003,"Adams County, Iowa",1735,83,1187,65,1052,68,548,70,5.6,1.7,3,2.1,1.5,1.8,11.9,3.2,6.3,2.1,4.5,2.2,3.5,2.2,13.1,4.4,13.7,2.7,6.2,1.8,5.8,1.9,28.1,7.8,6.5,1.6,4.5,1.6,4,1.6,10.8,3.7,20.3,3.2,21.1,4.2,20,4.1,18.1,6.7,26.5,4,32.4,5,34.6,5.9,12.8,5.7,12.3,2.5,16.5,3.5,17.5,4,2.6,1.8,4.3,1.3,5.1,1.7,5.8,1.9,2.4,1.9,2.7,1,3.7,1.4,4.2,1.6,0.4,0.7,1.9,1,2.8,1.5,3.1,1.7,0,3.6,47335,3981,56935,3295,59821,3197,24336,2154,56825,3602,68079,5199,N,N,31396,2829,28.5,(X),(X),(X),(X),(X),(X),(X),(X),(X),29.2,(X),(X),(X),(X),(X),(X),(X),(X),(X),(X),(X),26.8,(X)
0500000US19005,19005,"Allamakee County, Iowa",5899,191,3941,190,3357,178,1958,192,4.1,1.1,2.2,1.1,1,0.7,8.7,2.5,5.9,1.5,1.8,0.9,1,0.6,15.1,3.8,12.7,2.3,9.1,2.2,5.5,1.5,21.1,5.2,13.5,2.3,13.7,2.8,11.9,2.6,13.4,3.7,15.3,2.2,16,3.2,17.1,3.4,13.1,3.6,21.6,2.5,23.6,3.1,25.7,3.2,17,3.9,12.2,2.1,16.3,2.6,17.9,3,3.7,2.1,10.5,1.9,12.5,2.4,14.4,2.5,5.2,2.4,2.1,0.8,2.5,1,3,1.2,1.2,1,2.1,0.9,2.2,1,2.6,1.2,1.7,1.7,47886,3919,57300,4214,63276,3208,28149,3273,60995,3020,69839,3958,N,N,40992,5037,25,(X),(X),(X),(X),(X),(X),(X),(X),(X),25.3,(X),(X),(X),(X),(X),(X),(X),(X),(X),(X),(X),22.9,(X)
0500000US19007,19007,"Appanoose County, Iowa",5447,153,3401,186,2785,171,2046,189,9.1,2.1,2.4,1.2,1,0.6,21.4,4.8,6.9,1.9,3.9,1.6,3.6,1.6,12.1,3.8,15.2,2.5,10.8,2.6,7.8,2.1,21.9,4,11.7,1.9,11.8,2.2,9.7,2.2,12.8,3.9,15.7,1.9,16.5,2.7,17.3,3,13.6,3.2,20.7,2.4,27.1,3.6,29.1,4.1,10.5,3.1,11.2,2.1,14.7,3.4,16.4,3.7,7,3.7,6.1,1.5,8.3,2,9.6,2.1,0.6,0.7,1.6,0.8,2.1,1.1,2.6,1.4,0,1,1.7,0.8,2.4,1.1,2.9,1.4,0,1,41525,1942,55639,4578,60938,2103,22417,3007,52615,3573,64415,5032,N,N,29323,3203,27.7,(X),(X),(X),(X),(X),(X),(X),(X),(X),28.8,(X),(X),(X),(X),(X),(X),(X),(X),(X),(X),(X),24.1,(X)
0500000US19009,19009,"Audubon County, Iowa",2703,94,1711,84,1437,83,992,91,4.8,1.5,2.2,1.3,1.3,1,10.3,3.5,5.4,1.5,2.8,1.8,1.4,1.2,11.7,3.6,15.8,3,7.4,2.6,6.5,2.8,29,5.2,12.5,2.2,11.2,3.1,7.7,2.5,14.9,3.6,13.9,2.3,14.9,3.2,13.5,3.2,12.1,3.5,18,2.4,21.9,3.6,23.8,4.1,10.6,3.7,12.4,2.3,15.5,3.5,17.6,4.1,6.4,3.2,10.8,2.4,15.3,3.3,17.6,3.8,2.9,2.9,2.4,1,3.7,1.7,4.5,2,0,2,4,1.5,5.1,2.1,6.1,2.5,2.1,1.4,47556,5805,62255,5097,69973,4705,24752,1905,67251,7097,82656,10080,N,N,39401,5657,26.3,(X),(X),(X),(X),(X),(X),(X),(X),(X),24.5,(X),(X),(X),(X),(X),(X),(X),(X),(X),(X),(X),29.5,(X)
0500000US19011,19011,"Benton County, Iowa",10137,230,7327,235,6217,222,2810,245,3.2,1,2.7,1.1,1.1,0.7,7.4,3,3.8,0.9,0.6,0.4,0.3,0.3,10.9,3.1,9.8,1.4,5.8,1.4,3.6,0.9,22,4.3,11.9,1.9,8.6,2,7.4,1.9,20.4,4.4,12.6,1.6,11.6,2,11.4,2.2,14.1,3.2,21.2,2,22.5,2.6,21.5,2.5,17.1,4.2,15.4,1.7,19.6,2.3,22.1,2.5,3.6,1.5,16.6,1.4,21.5,1.8,24.4,2,3.2,1.6,3.3,0.8,4.4,1.1,5.2,1.3,0.4,0.4,2.2,0.7,2.8,0.9,2.9,1,0.9,0.9,59186,2929,73002,2928,78775,2053,29930,2692,70982,3119,82497,4053,N,N,38658,3073,24.5,(X),(X),(X),(X),(X),(X),(X),(X),(X),24.1,(X),(X),(X),(X),(X),(X),(X),(X),(X),(X),(X),23.9,(X)
0500000US19013,19013,"Black Hawk County, Iowa",52438,604,31033,552,23800,538,21405,642,7.7,0.6,5.1,0.8,1.2,0.4,12.6,1.3,5.6,0.6,2.5,0.5,0.9,0.4,10,1.3,11.5,0.8,7,0.9,4.6,0.8,18.4,1.7,12.2,0.9,8.7,0.9,6.3,0.9,17.3,1.6,15.6,1.2,14.5,1.2,13.3,1.2,17.5,1.9,20.2,1,23.7,1.3,26.4,1.4,14.2,1.6,11.5,0.8,15.3,1.1,18.7,1.4,5.4,1,10.9,0.7,15.5,1,19.4,1.3,3.5,0.6,2.9,0.4,4.5,0.6,5.5,0.8,0.5,0.2,2,0.3,3.1,0.5,3.7,0.7,0.5,0.2,47002,1082,62701,1373,72630,1456,30259,1222,60230,1138,74379,1799,85630,2100,37998,1278,27.9,(X),(X),(X),(X),(X),(X),(X),(X),(X),27,(X),(X),(X),(X),(X),(X),(X),(X),(X),(X),(X),28.9,(X)
0500000US19015,19015,"Boone County, Iowa",10619,259,6866,247,5541,239,3753,265,4.2,1.1,2,0.9,0.7,0.5,9.8,2.9,4.7,1.2,1.2,0.6,0.2,0.2,11.2,3,12.4,1.7,7.2,2.1,5.1,2.1,21.9,3.9,10.1,1.7,7.4,1.8,4.8,1.5,16.4,3.8,15.7,1.7,14.6,2,12.8,1.9,17.8,3.7,20.5,2,24.1,2.7,24.6,3.2,13.1,3.4,13.7,1.6,18.3,2.2,21.3,2.6,3.5,1.7,13.5,1.9,17.9,2.6,21.9,3.1,5,2.5,2.8,0.8,4.1,1.2,5.1,1.4,0.3,0.3,2.3,0.7,3.1,1,3.4,1.1,1,0.9,52714,2324,67321,4393,76537,3415,28445,2686,65973,3448,79764,4774,N,N,38988,3748,24,(X),(X),(X),(X),(X),(X),(X),(X),(X),23.4,(X),(X),(X),(X),(X),(X),(X),(X),(X),(X),(X),24.6,(X)
0500000US19017,19017,"Bremer County, Iowa",9296,191,6557,196,5633,193,2739,201,5.7,1.3,1.8,0.8,0.2,0.2,15.3,3.6,4.4,0.9,2.2,0.9,1,0.6,9.7,2.3,8.9,1.3,5.8,1.6,3.1,1.1,19.1,3,7.7,1.1,4.3,1,3.5,0.9,16.6,3,13.1,1.5,11.4,1.4,10.7,1.4,17.3,3.3,20.5,1.9,23.5,2.2,24.1,2.4,12.6,3.4,16.5,1.8,20.7,2.3,22.9,2.4,4.5,1.6,15.5,1.4,19.9,1.9,22.5,2.3,3.7,1.2,4.2,1,5.7,1.4,6.5,1.6,0.6,0.7,3.5,0.9,4.7,1.2,5.5,1.4,0.6,0.6,61619,1798,76334,2755,83509,2895,29428,3750,75627,3248,90503,4772,N,N,37204,3019,25.6,(X),(X),(X),(X),(X),(X),(X),(X),(X),24.7,(X),(X),(X),(X),(X),(X),(X),(X),(X),(X),(X),25.6,(X)
0500000US19019,19019,"Buchanan County, Iowa",8298,186,5777,178,4876,200,2521,199,4,1.2,2,1,0.8,0.6,9,3.1,5.2,1.2,2.7,1.2,1.5,0.9,11.3,2.6,8.3,1.2,4.1,1.3,2.5,1.1,19.1,3.5,9,1.3,7.6,1.5,6.3,1.7,12.5,2.9,16.4,1.9,13.2,1.9,12.5,2.1,23.7,4.8,22.5,2.3,24.7,2.7,26.3,3,16.9,4.3,15.6,2,20.1,2.5,21.8,2.6,4.4,1.5,13,1.5,17.6,1.9,19.7,2.1,1.9,1.2,2.8,0.8,3.7,1,3.7,1.1,0.7,0.6,3.1,1,4.3,1.4,4.9,1.7,0.4,0.5,56393,2587,70111,3935,75040,2987,33833,3289,72508,5034,86387,6585,N,N,39050,4700,27.8,(X),(X),(X),(X),(X),(X),(X),(X),(X),26.6,(X),(X),(X),(X),(X),(X),(X),(X),(X),(X),(X),30.4,(X)
0500000US19021,19021,"Buena Vista County, Iowa",7635,163,4961,170,3952,199,2674,186,5.4,1.4,3,1.4,1.1,1,10.5,3.2,6.5,1.9,2.1,0.9,1.8,1,14.8,4.8,11,1.7,5.4,1.4,2.9,0.9,21.5,4.4,9.9,1.6,7.7,2,5.8,2.2,15.7,3.5,19.4,2.4,20.1,3.5,19.3,3.8,19,3.3,20.7,2.3,25,3.5,27.4,3.9,10.2,2.6,13.1,1.7,18,2.6,20,2.8,4.5,2,9.4,1.8,12.4,2.5,14.1,2.7,2.7,1.7,2.3,0.7,3.1,1.1,3.9,1.3,0.6,0.4,2.2,0.7,3.1,1,3.6,1.2,0.6,0.6,48010,2233,60603,2934,66765,4126,26930,3320,61910,3445,75655,4984,N,N,34782,2973,29.9,(X),(X),(X),(X),(X),(X),(X),(X),(X),29.4,(X),(X),(X),(X),(X),(X),(X),(X),(X),(X),(X),29.2,(X)
0500000US19023,19023,"Butler County, Iowa",6222,124,4360,121,3790,132,1862,130,5,1.2,1.5,0.6,1,0.6,13.6,3.7,4.6,1,1.5,0.6,0.7,0.4,12.6,3.1,9.9,1.4,6.4,1.3,5,1.4,18.1,2.9,10.8,1.6,9.4,1.8,7.3,1.7,14.9,3.4,17.3,1.8,17.6,2.4,16.3,2.2,17.3,3.7,23.7,2,27.2,2.2,29.6,2.6,14.3,3.5,14.7,1.7,18.8,2.2,20.3,2.5,4.1,1.7,10.3,1.4,13.2,1.8,15,2.1,3.2,1.7,2,0.5,2.7,0.7,2.9,0.8,0.4,0.4,1.6,0.6,1.7,0.7,2,0.8,1.4,1,51701,1661,62645,2317,66900,3431,28526,2741,63226,3484,73450,4952,N,N,38060,3133,29.8,(X),(X),(X),(X),(X),(X),(X),(X),(X),29.3,(X),(X),(X),(X),(X),(X),(X),(X),(X),(X),(X),30.2,(X)
0500000US19025,19025,"Calhoun County, Iowa",4310,143,2798,132,2265,119,1512,117,7,1.4,5.5,1.9,2.6,1.3,13,2.8,7.3,1.4,2.3,0.8,1.4,0.9,17.5,3.8,13,2,9.1,2,6.5,1.6,19.9,3.7,11.2,1.6,8.1,1.5,6.9,1.6,16.3,3.3,16.2,1.8,15.2,2.3,13.8,2.7,16.2,3,17.9,2.2,23.5,3.1,24.7,3.4,7.9,2.3,12.2,1.8,15.4,2.5,18.6,3,5.4,1.7,10.1,1.8,14.4,2.5,17.3,3,1.9,1,2.2,0.9,2.6,1.2,3.3,1.5,1.3,1.1,2.8,0.9,3.9,1.3,4.9,1.6,0.7,0.7,44934,3277,57476,3024,66661,2987,24750,2397,60175,3445,72627,4819,N,N,34965,3786,26.5,(X),(X),(X),(X),(X),(X),(X),(X),(X),23.9,(X),(X),(X),(X),(X),(X),(X),(X),(X),(X),(X),27.4,(X)
0500000US19027,19027,"Carroll County, Iowa",8557,206,5461,184,4419,173,3096,210,6.1,1.4,1.7,1,0.7,0.5,14.1,3.4,6.9,1.7,3.7,1.5,1.7,1,12.6,3.6,11.2,1.6,6.8,1.6,5.4,1.7,20.2,3.7,12.5,1.7,9.4,1.9,7.1,1.7,18,3.3,14,1.8,15.4,2.8,12.6,2.4,15.1,2.8,18.9,1.9,20.5,2.5,22.1,2.6,13.8,3.5,15.1,2.1,20.9,2.8,24.4,3.4,2.8,1.6,10.4,1.6,14.7,2.3,17.6,2.7,2.5,1.2,2.7,0.9,3.8,1.3,4.7,1.7,0.6,0.7,2.2,0.8,3,1.1,3.7,1.4,0.4,0.4,48998,3118,66388,2837,75353,2846,26807,2863,62242,2573,76923,3716,N,N,33697,2757,27.8,(X),(X),(X),(X),(X),(X),(X),(X),(X),25.8,(X),(X),(X),(X),(X),(X),(X),(X),(X),(X),(X),28.6,(X)
0500000US19029,19029,"Cass County, Iowa",6074,135,3899,171,3102,177,2175,157,5.4,1.2,2.2,1.2,0.8,0.7,11.4,3,5.2,1.5,2.9,1.5,1.1,0.8,9.3,2.6,16.4,2.4,12.5,2.9,7.5,2.1,24,5.1,12.7,1.9,9.6,2.2,7.9,2.3,19.4,4.4,18.6,2.4,20.2,3.2,21.1,3.5,15,3.5,19.5,2.2,22.9,3.2,25,3.4,12.7,3,9.7,1.7,13.2,2.5,16.2,3.1,2.9,1.5,8.5,1.4,11.5,2.1,14.2,2.4,2.8,1.6,1.8,0.7,2.6,1,3.3,1.3,0.3,0.3,2.3,1,2.4,1.1,3,1.3,2.1,2,43960,2958,51805,2846,58433,4658,27405,3064,56600,3779,65208,4009,N,N,40116,7579,26.1,(X),(X),(X),(X),(X),(X),(X),(X),(X),25.8,(X),(X),(X),(X),(X),(X),(X),(X),(X),(X),(X),26,(X)
0500000US19031,19031,"Cedar County, Iowa",7639,151,5253,224,4406,218,2386,221,4.1,1,1.8,0.8,1.1,0.8,9.6,2.3,3.8,0.9,2.1,1.1,0.5,0.3,10.2,2.6,8.5,1.4,4.7,1.4,3.1,1.2,17.1,3.4,9.3,1.7,6.6,1.6,4.1,1.5,14.8,3.6,13,1.8,10.8,1.8,10,2.1,18.5,3.9,27.9,2.5,31.1,3.2,32.5,3.4,19.8,4.5,15,1.7,18.8,2.5,21.1,2.8,5.3,1.9,13.4,1.9,17.4,2.5,19.7,2.8,3.9,2.6,2.5,0.8,3.3,1,3.9,1.2,0.8,0.7,2.5,0.9,3.5,1.3,4,1.6,0,0.8,59672,3070,66922,2235,72482,4532,34033,3012,66413,2423,77641,3060,N,N,39187,3301,27.4,(X),(X),(X),(X),(X),(X),(X),(X),(X),26.4,(X),(X),(X),(X),(X),(X),(X),(X),(X),(X),(X),27.3,(X)
0500000US19033,19033,"Cerro Gordo County, Iowa",19864,302,11602,354,9078,338,8262,387,6.7,1.1,3.3,1.2,1.6,0.8,12.7,2.3,5.9,1.1,2.8,1,1.8,0.9,10.2,2.2,12.9,1.5,7.9,1.9,4.6,1.3,21.5,3,13.2,1.3,8.5,1.5,7.1,1.4,19.6,2.3,16.5,1.7,17.5,2,16.7,2,14.5,3,18.2,1.8,22.1,2.2,22.8,2.4,13.2,2.7,11.8,1.3,15.5,2,17.5,2.4,5,1.3,9.9,1.1,14.9,1.9,18.6,2.3,2.1,0.9,2.2,0.6,3.5,1,4.5,1.3,0.4,0.3,2.7,0.7,4,1.1,4.8,1.4,0.8,0.6,45012,1843,62454,3226,69484,2301,27201,2023,60366,2759,76106,4149,N,N,36305,2851,22.7,(X),(X),(X),(X),(X),(X),(X),(X),(X),21.3,(X),(X),(X),(X),(X),(X),(X),(X),(X),(X),(X),23,(X)
0500000US19035,19035,"Cherokee County, Iowa",5384,160,3369,179,2739,189,2015,211,5.7,2,4,2.9,0.7,0.7,10.3,3.9,5.6,1.8,2.2,1.2,0.5,0.6,11.8,4,11.7,2.5,6.2,2,5.4,2.3,21.4,5.7,12.6,2.5,11,3.2,8.3,2.4,15.1,4.5,13.3,2.2,9.2,2.4,9.2,2.4,18.5,5.3,22,3.3,26.9,4.2,27.4,4.6,13.2,4.6,12.5,2.4,16.9,3.2,19.9,3.8,5.3,3.2,11.2,2.6,15.4,3.7,18.9,4.3,4,2.8,2.2,1.2,3.3,1.9,4.1,2.4,0.4,0.4,3.1,1.1,4.9,1.8,5.7,2.1,0,1,50828,3327,66096,5727,73299,4985,27453,3419,62988,4035,78176,5214,N,N,36185,3962,30.2,(X),(X),(X),(X),(X),(X),(X),(X),(X),29.1,(X),(X),(X),(X),(X),(X),(X),(X),(X),(X),(X),29,(X)
0500000US19037,19037,"Chickasaw County, Iowa",5330,124,3615,144,2956,139,1715,171,4.6,1.5,2.2,1.4,0.5,0.4,9.9,3.5,6.1,1.6,2,1.1,1.4,0.8,14.8,4.1,15.4,2.1,10.9,2.1,9.4,2.1,25.7,5.1,9.9,1.9,9.3,1.9,7.2,1.6,15.3,4.3,19.1,2.6,17.5,3.1,17.6,3.4,19.7,5,19.8,2.1,24.3,2.9,26.2,3.3,9.3,2.8,11.9,1.6,15.7,2.1,18.2,2.5,2.8,1.6,9.6,1.7,13.4,2.4,14.3,2.4,1.6,1.1,1.4,0.7,2,1,2.5,1.2,0,1.2,2.1,1,2.6,1.4,2.8,1.6,1,1,46020,2402,57807,5134,63973,3588,24754,3737,58044,3925,69134,5131,N,N,32706,3022,23.3,(X),(X),(X),(X),(X),(X),(X),(X),(X),26.3,(X),(X),(X),(X),(X),(X),(X),(X),(X),(X),(X),15.9,(X)
0500000US19039,19039,"Clarke County, Iowa",3686,142,2316,173,1843,174,1370,184,7.9,2.6,7.9,4,3.3,2.4,10.4,4.6,7.4,2.5,2.3,2.1,0.9,0.8,18.4,6.5,15.5,4.1,9.7,4,7.1,3.8,25.5,8.4,9.2,2.6,5.5,2.4,4.8,2.2,13.2,4.9,18.3,4.4,18.7,5.3,17.1,5.5,16.4,6.9,16.1,3.4,18,4.3,22,5,12,5.4,10.1,3.5,14.5,5,17.9,6.2,2.3,1.7,12,3.2,18.1,4.8,21.3,6,1.5,1.8,2.7,1.6,4.2,2.6,4.1,2.8,0,1.4,0.8,0.7,1.2,1,1.5,1.3,0.3,0.5,42430,2798,59457,9508,69561,6982,23611,3094,57495,7516,72366,11124,N,N,30524,3922,31,(X),(X),(X),(X),(X),(X),(X),(X),(X),28.6,(X),(X),(X),(X),(X),(X),(X),(X),(X),(X),(X),32.3,(X)
0500000US19041,19041,"Clay County, Iowa",7269,225,4602,220,3781,247,2667,259,5.7,1.6,1.7,1.7,0.3,0.2,13,3.9,5.8,2,2.3,1.3,0.1,0.1,12.8,4.6,12.7,2.3,8.3,2.4,4.9,2,22.6,4.8,10.3,2.4,8,2.3,8.1,2.6,13.6,4.3,15.8,2.7,15.5,3,14.4,3.6,18,4.8,18.5,2.7,23.6,3.5,24.5,3.9,9.7,3.9,15.7,2.4,21.2,3.5,24.3,4.1,4.4,2.5,11,1.9,12.9,2.3,15.7,2.8,4.9,3.5,2.3,0.8,3.1,1.2,3.7,1.5,1,0.8,2.1,0.8,3.3,1.2,4,1.5,0,0.7,49438,3990,65283,4302,71147,5331,26394,6055,67828,8176,84275,12873,N,N,35835,4438,26,(X),(X),(X),(X),(X),(X),(X),(X),(X),23.6,(X),(X),(X),(X),(X),(X),(X),(X),(X),(X),(X),28.1,(X)
0500000US19043,19043,"Clayton County, Iowa",7698,147,5166,178,4309,173,2532,174,5.4,1.1,3.1,1,1,0.6,10.2,2.2,6.8,1.1,3.4,1.3,2.1,0.8,14.5,2.6,9.2,1.3,5.9,1.2,4.1,1,17,2.8,13.9,1.3,10.6,1.5,9.6,1.5,20.5,2.9,16.7,1.5,16.6,2.1,16,2.3,16.7,2.9,20.7,1.8,24.8,2.2,27,2.7,11.1,2.6,14.8,1.6,18.7,2.3,20.8,2.6,6.7,2.1,9.6,1.1,12.8,1.6,14.6,2,2.6,1.6,0.8,0.3,1.1,0.5,1.4,0.5,0.2,0.4,2,0.6,2.8,0.9,3.4,1.1,0.4,0.3,47725,1918,57937,2234,64388,4103,28046,1543,60154,2674,71067,3893,N,N,36648,2637,25,(X),(X),(X),(X),(X),(X),(X),(X),(X),24,(X),(X),(X),(X),(X),(X),(X),(X),(X),(X),(X),26.9,(X)
0500000US19045,19045,"Clinton County, Iowa",19977,279,12826,340,9987,335,7151,363,6.1,1.1,3.8,1,1.4,0.7,11.5,2.7,6.7,1.3,3.1,1,1.9,0.8,13.3,2.8,12.7,1.6,8.2,1.4,3.9,1.1,22.3,3.2,11,1.4,8.3,1.6,7.1,1.5,15.3,2.2,13.5,1.4,13.6,1.9,12.5,1.9,14.4,2.2,18.9,1.6,21.3,2,22.4,1.9,12.8,2.7,12.8,1.4,16.5,1.9,19.4,2.4,5.2,1.4,12.9,1.3,17.7,2,22.1,2.5,4.1,1.5,3.2,0.7,4.4,0.9,5.6,1.2,0.5,0.5,2.2,0.7,3.1,0.9,3.8,1.2,0.6,0.5,49849,3429,64400,3953,76081,3049,26271,1725,63562,2232,77113,3197,88126,3818,37144,2711,24,(X),(X),(X),(X),(X),(X),(X),(X),(X),23.9,(X),(X),(X),(X),(X),(X),(X),(X),(X),(X),(X),22.1,(X)
0500000US19047,19047,"Crawford County, Iowa",6371,151,4435,233,3658,227,1936,208,7,2.1,5.8,2.4,0.9,0.5,13.2,4.9,5.8,1.7,1.9,0.8,1,0.6,15.2,5.1,13.2,2.3,11,2.7,11.9,3,17.8,5.1,9.2,2.2,7.5,2,5.9,1.9,13.5,4.7,17.8,2.5,16.7,2.9,15.6,3,19.5,4.5,19.9,2.4,22.6,3.2,26.1,3.7,13.8,3.6,12.2,2.6,14.6,3.3,15.2,3.6,4.1,2.1,10.8,2.1,14.5,2.7,17.2,3.2,1.8,1.6,2,0.8,2.8,1.2,3.3,1.4,0.2,0.2,2,0.8,2.5,1,2.9,1.2,1,1.2,47437,2447,56820,2875,63056,5395,26921,4298,60148,3619,69859,4723,N,N,35057,3688,27.2,(X),(X),(X),(X),(X),(X),(X),(X),(X),26.6,(X),(X),(X),(X),(X),(X),(X),(X),(X),(X),(X),27.6,(X)
0500000US19049,19049,"Dallas County, Iowa",26819,282,19128,481,15995,454,7691,398,3.7,1,2.3,1.1,0.6,0.5,9,2.5,2.6,0.5,1.5,0.6,1,0.5,5.8,1.4,6.6,0.9,3.1,0.7,1.8,0.5,14.7,2.5,8.2,1.1,5.7,1,3.5,0.7,15.6,2.6,10.6,1.2,8.5,1.2,8.2,1.3,16.1,2.8,18.3,1.5,18.8,1.8,18.6,1.8,16.4,3,14.6,1.3,16.7,1.7,17.8,2,9.6,1.9,18.9,1.5,22.5,1.9,24,2.1,8.4,2.6,8.1,1,10.5,1.3,12.1,1.5,1.5,0.8,8.3,1.2,10.5,1.5,12.5,1.8,2.9,2,74876,2041,90506,3913,98098,3082,39588,2185,96495,3171,112784,4392,123548,4462,53204,4081,22.9,(X),(X),(X),(X),(X),(X),(X),(X),(X),21.8,(X),(X),(X),(X),(X),(X),(X),(X),(X),(X),(X),22.9,(X)
0500000US19051,19051,"Davis County, Iowa",3085,129,2230,117,1867,111,855,129,6.2,2.3,4.2,2.1,2.2,1.8,14.4,6.3,5.6,1.9,3.5,2.3,0.6,0.7,13.1,4.7,13.1,3.1,9,2.9,7.5,2.9,24.6,6.9,13.4,2.4,12.1,3,11.6,3.2,13.7,4.7,17.3,3.4,17.7,4.1,19.3,4.5,16.6,5.9,20.3,2.9,24.8,4,26.1,4.5,6.9,3.6,11.9,2.8,14.1,3.4,15.6,3.7,5,3.5,6.4,2.2,8,2.9,9.1,3.5,1.6,1.5,2.3,1.5,1.8,1.3,2.2,1.6,3.5,4.1,3.6,2.5,4.8,3.4,5.7,4,0.6,0.9,46048,3090,52703,4037,58011,7423,23785,3792,61687,7612,70582,9926,N,N,36125,7404,33.7,(X),(X),(X),(X),(X),(X),(X),(X),(X),36.1,(X),(X),(X),(X),(X),(X),(X),(X),(X),(X),(X),26.7,(X)
0500000US19053,19053,"Decatur County, Iowa",3085,141,2086,95,1682,122,999,127,10,2.4,3.2,1.4,1.7,1.3,24.5,6.3,8.4,1.9,5.5,2.1,4.7,2.2,15.8,4,15.1,2.7,12.4,2.6,8.4,2.6,21.7,5.5,13.4,2.9,13.5,3.4,11.4,3.3,13.8,4.1,14.3,2.4,14.2,2.8,15.3,3.2,12,3.3,16.6,2.5,20.7,3.4,21.6,3.8,8.7,3.8,11.4,2.2,15.6,3.3,18.9,3.9,1.5,1.2,7.8,1.8,11.1,2.5,13.3,2.9,0.9,1.2,1.4,0.7,2,1.1,2.4,1.3,0.3,0.4,1.5,0.9,1.9,1.2,2.3,1.5,0.7,0.9,38275,3351,50919,3308,56667,4251,17693,1603,49592,2992,60206,4106,N,N,26159,3053,35.8,(X),(X),(X),(X),(X),(X),(X),(X),(X),39.7,(X),(X),(X),(X),(X),(X),(X),(X),(X),(X),(X),27.1,(X)
0500000US19055,19055,"Delaware County, Iowa",7115,195,5008,199,4053,224,2107,218,4.8,1.5,3.9,1.7,1.3,0.9,9.1,3,4,1.1,1.2,0.8,0.9,0.7,9.4,3.1,10,2,6.6,2,4.3,1.9,21.9,5.3,10.8,2,8,2.1,5.2,2.2,15.5,3.9,15.1,2.6,13.9,3.5,14.3,3.8,18.1,5.3,22,2.9,22.6,3.6,23.2,3.9,19.6,4.6,13.6,2.4,17.6,3.1,19.8,3.2,2.8,1.2,14.4,2.5,19.1,3.4,22.4,4.1,2.1,1.5,3.5,1.3,4.7,1.8,5.8,2.2,0.8,1.2,1.8,0.8,2.3,1,2.9,1.3,0.6,0.7,54801,4680,67295,4730,75731,3967,31236,3272,65059,3335,75591,4277,N,N,37348,3223,22.9,(X),(X),(X),(X),(X),(X),(X),(X),(X),24.5,(X),(X),(X),(X),(X),(X),(X),(X),(X),(X),(X),18.5,(X)
0500000US19057,19057,"Des Moines County, Iowa",16881,284,10868,377,7944,348,6013,374,7.9,1.4,5.9,2,3.4,1.5,13.4,2.5,6.9,1.2,4.7,1.7,1,0.8,11.6,2.3,12.7,1.5,9.1,2.1,5.6,1.5,22.8,3.2,13,1.6,9.6,2,6.9,1.4,18,2.7,17.7,1.9,18.4,2.3,18.5,2.9,14.8,2.6,19.2,1.7,23.4,2.5,26.6,3.1,11.4,2.2,9.9,1.3,11.9,1.8,15.6,2.1,4,1.5,8.9,1,12,1.4,15.6,1.9,2.9,1.3,1.9,0.5,2.6,0.8,3.4,1.1,0.6,0.5,1.9,0.5,2.5,0.7,3.5,0.9,0.6,0.6,42146,1881,52239,2398,62223,2663,25955,1629,55470,2198,65227,3193,77190,4005,35112,2765,28.3,(X),(X),(X),(X),(X),(X),(X),(X),(X),28.2,(X),(X),(X),(X),(X),(X),(X),(X),(X),(X),(X),26.9,(X)
0500000US19059,19059,"Dickinson County, Iowa",7831,265,5120,197,4341,189,2711,261,4.3,1.5,1.8,0.8,0.9,0.5,10,4.1,4.4,1.4,1.3,0.7,0.3,0.2,10.8,3.8,13.6,2.4,5.8,1.6,4.9,1.7,27.8,5.6,9.8,1.7,7.3,1.7,5.9,1.6,15,3.7,12.2,2.1,12.5,2.4,13,2.6,12.5,3.5,22.5,2.4,27.4,3.9,26.3,3.9,14.2,3.1,12.2,2.3,15.5,3,16.9,3.4,3.7,1.9,12.8,1.7,16.5,2.2,19.3,2.6,4.6,2.3,4.2,1.1,5.9,1.6,6.6,1.9,0.9,0.6,4.1,1.1,6,1.7,5.9,1.6,0.4,0.3,56086,1704,68346,3260,73308,4587,26233,5029,71561,3431,88049,4324,N,N,38003,3843,26.3,(X),(X),(X),(X),(X),(X),(X),(X),(X),25.7,(X),(X),(X),(X),(X),(X),(X),(X),(X),(X),(X),26.8,(X)
0500000US19061,19061,"Dubuque County, Iowa",37720,396,24590,472,19721,472,13130,408,5.4,0.6,3.4,0.8,1.3,0.4,10.2,1.2,4.4,0.5,2.1,0.6,0.6,0.3,9,1.3,10.3,0.9,5.5,0.7,3.1,0.6,19.8,2.1,11.8,1,9,0.8,7,0.8,17.3,1.9,15.1,0.9,14.3,1,13.2,1.1,16.8,2.1,20.4,1.2,22.6,1.4,24.1,1.7,14.9,1.7,15.2,0.9,19.3,1.2,22.5,1.5,7.2,1.2,12,0.9,15.9,1.4,18.9,1.6,3.8,1.1,2.8,0.5,4.2,0.7,4.9,0.8,0.5,0.3,2.6,0.4,3.6,0.6,4.3,0.7,0.6,0.5,53410,1507,67096,1983,75731,1964,31410,1200,66517,1448,79532,2112,88740,2576,40116,1997,22.1,(X),(X),(X),(X),(X),(X),(X),(X),(X),21.5,(X),(X),(X),(X),(X),(X),(X),(X),(X),(X),(X),22.1,(X)
0500000US19063,19063,"Emmet County, Iowa",4150,151,2675,153,2114,144,1475,147,7.3,2.6,4.5,2.9,0.7,0.7,12.7,4.5,5.1,1.5,1.3,1,0.9,0.9,11.8,3.5,12.7,2.8,9.2,3,5.3,2.3,21.2,6,10.5,2.3,10.9,3,9.3,2.7,10.2,3.7,16.3,2.7,12.6,2.5,13.4,3.1,20.6,5.3,17.8,2.8,20.3,3,20.7,3.5,13.3,4.5,13.1,2.5,17.5,3.4,21.6,4,4.3,3.5,13.2,2.3,17.2,3.4,20.3,4,5.8,3.6,1.2,0.7,1.8,1.1,2.3,1.4,0,1.3,2.9,1.2,4.6,1.8,5.5,2.2,0,1.3,48545,3366,64279,4712,74623,5294,29438,4621,68839,6086,86181,9489,N,N,36255,3394,24.9,(X),(X),(X),(X),(X),(X),(X),(X),(X),25.8,(X),(X),(X),(X),(X),(X),(X),(X),(X),(X),(X),20.9,(X)
0500000US19065,19065,"Fayette County, Iowa",8470,205,5321,196,4439,162,3149,230,6.2,1.2,2.2,0.8,0.9,0.7,13.1,2.7,4.4,1,2.2,1.2,1.6,1.2,8.6,2.2,13.6,1.5,6.5,1.3,4.1,1,27.1,3.4,12.4,1.6,10.8,1.8,10.4,2,15.2,3.3,17.9,2.2,19.3,2.5,17.7,2.4,16.9,3.7,18.4,1.6,22.2,2.1,23.2,2.2,10.1,2.3,14.2,1.7,18.8,2.2,20.5,2.4,5.4,1.8,9.6,1.4,13.8,2.1,16.4,2.4,2,0.9,2,0.6,2.6,0.8,3.1,1,0.9,0.7,1.4,0.5,1.7,0.7,2,0.8,0.7,0.5,45443,1936,59742,2768,65434,2813,25736,2212,57480,2304,69554,3106,N,N,35176,2595,25.2,(X),(X),(X),(X),(X),(X),(X),(X),(X),24.1,(X),(X),(X),(X),(X),(X),(X),(X),(X),(X),(X),25,(X)
0500000US19067,19067,"Floyd County, Iowa",6923,154,4624,198,3590,201,2299,176,7.3,2,3,1.4,2.3,1.6,17,4.9,5.9,1.5,1.2,0.8,0.8,0.8,15.5,4,14.2,2.7,12.4,2.9,6.9,2.4,20,5,11.7,2.1,11,2.4,8,2.1,14.5,4.3,16.4,2.4,16.3,3.1,17.2,3.7,15,4.1,21.3,2.9,24.8,3.7,26.9,4.1,13.2,4.9,9.1,1.8,11.7,2.4,13.6,2.8,2,1.6,10.1,2,14.3,2.7,17.8,3.4,1.7,1.4,2.4,0.8,3,1,3.8,1.3,0.5,0.8,1.7,0.7,2.2,1.1,2.6,1.3,0.6,0.5,43169,3548,55708,2723,63351,3844,23166,5983,57925,4504,69369,5782,N,N,32330,4234,24,(X),(X),(X),(X),(X),(X),(X),(X),(X),24.3,(X),(X),(X),(X),(X),(X),(X),(X),(X),(X),(X),22,(X)
0500000US19069,19069,"Franklin County, Iowa",4321,167,3029,144,2499,144,1292,141,6.6,2.4,6.7,2.7,0.4,0.3,9.4,5.1,4,1.3,1.6,1.1,0.9,0.8,10.2,3.5,13.1,2.3,5,2,3.7,1.6,32,6.1,12.3,2.2,11.7,2.8,10.6,2.7,15.2,4.2,16.5,2.9,18.5,3.8,20.2,4.3,12.2,4.1,20.2,2.9,22.4,3.9,24.1,4.4,11.5,3.4,12.4,1.9,15.1,2.5,17.4,3,6,2.9,8.7,2.1,11,2.7,13.2,3.3,1.4,1.4,3.8,1.8,4.9,2.5,5.9,3,1.2,1.2,2.4,0.9,3.1,1.3,3.6,1.5,0.8,1.1,48218,2521,56853,3718,65432,6556,24139,3220,62103,4096,71884,5672,N,N,35722,3889,30.1,(X),(X),(X),(X),(X),(X),(X),(X),(X),32.4,(X),(X),(X),(X),(X),(X),(X),(X),(X),(X),(X),21.4,(X)
0500000US19071,19071,"Fremont County, Iowa",3003,98,2043,96,1649,84,960,88,4.6,1.5,3.8,1.8,2.1,1.6,7.9,2.6,6.2,1.3,2.3,1.2,0.1,0.2,14.8,3.3,12.6,1.8,7.7,1.7,6.5,1.9,22.8,4.4,9.1,1.7,7.7,2,5.1,1.5,14.2,3.9,14.7,2.4,14.2,2.4,13,2.7,17.3,4.6,23.5,2.8,25.8,3.7,27.8,4.1,14.8,4.2,12.3,1.8,15.2,2.4,18,2.6,5.4,2.9,10,1.7,13.4,2.3,16.3,2.7,1.6,1.4,2.9,1.1,4,1.5,5,1.9,0.6,0.6,4.1,1.5,5.7,2.2,6.1,2.3,0.6,0.6,52221,2169,65168,3336,71055,1993,28015,3721,67920,4588,81514,6541,N,N,36143,2917,28.3,(X),(X),(X),(X),(X),(X),(X),(X),(X),28.8,(X),(X),(X),(X),(X),(X),(X),(X),(X),(X),(X),26.3,(X)
0500000US19073,19073,"Greene County, Iowa",3849,149,2621,155,2124,133,1228,172,6.3,1.8,4.1,1.5,2.2,1.4,11.9,3.9,8.2,2.4,4.2,2.5,1,1.1,16.9,5.8,9.3,1.9,6.3,1.8,5,1.8,16.3,4.2,12.9,2.4,10.9,2.7,10.4,3.1,16,4,16,3.1,15.9,3.6,15.9,4.4,16.2,5.6,18.3,3.4,20,3.6,20.2,3.8,14.5,5.4,12.2,2.4,15.8,3.4,18.3,4,4.8,1.9,11.2,2.2,14.9,2.9,17.3,3.5,2.6,1.9,2.7,1.3,3.5,1.9,4.4,2.3,0.7,0.9,3,1.4,4.4,2,5.3,2.4,0.2,0.3,47255,3043,57159,4337,64583,9226,28377,4455,64113,5892,77152,8128,N,N,34892,3413,28.4,(X),(X),(X),(X),(X),(X),(X),(X),(X),28.8,(X),(X),(X),(X),(X),(X),(X),(X),(X),(X),(X),27,(X)
0500000US19075,19075,"Grundy County, Iowa",5112,106,3495,131,3004,107,1617,136,3.2,1,1.7,1,0.3,0.2,7.2,2.5,4.7,1.2,0.9,0.7,0.1,0.1,13.1,3.5,8.8,1.2,4.8,1.3,3.1,1,18,2.9,10.6,1.7,7.5,1.5,6.7,1.5,16.6,4,16.4,2.2,15.7,2.5,14.1,2.5,19.7,4,21.8,2,24.4,2.5,25.4,2.7,14.2,3.5,14.3,1.9,18.8,2.4,20.5,2.7,5,2.7,12.5,1.9,15.8,2.6,18.3,2.9,4.5,2.6,3.5,1,5.1,1.5,5.6,1.7,0.2,0.3,4.2,1,5.4,1.4,6,1.6,1.5,1.2,55896,2251,70368,2997,75208,2479,32867,2529,73315,3477,87422,5014,N,N,41680,4115,23.2,(X),(X),(X),(X),(X),(X),(X),(X),(X),22.8,(X),(X),(X),(X),(X),(X),(X),(X),(X),(X),(X),23.9,(X)
0500000US19077,19077,"Guthrie County, Iowa",4559,170,3142,128,2530,125,1417,152,5.2,1.1,3.3,1.2,1.1,0.8,11.1,2.7,4.7,1.2,2.1,1,0.6,0.4,11.5,2.9,10.5,1.6,7.8,1.7,4.1,1.3,19.5,4.4,10.1,1.5,10,1.7,7.6,1.8,10.8,2.8,19.2,2.4,14.9,2.6,15,2.6,24.6,5.5,20.7,2.5,23.9,3.3,25.8,3.7,12.4,3.9,14,2.3,17,2.8,20.3,3.4,6.4,3.4,9,1.9,11.5,2.5,14.2,3.1,3.2,2.2,3.3,1.2,4.5,1.7,5.6,2,0.5,0.7,3.4,1.3,5,1.9,5.7,2.2,0,1.4,50238,1877,60895,3759,70823,3122,32147,5258,67793,4322,80387,5657,N,N,37053,3844,30.2,(X),(X),(X),(X),(X),(X),(X),(X),(X),28.6,(X),(X),(X),(X),(X),(X),(X),(X),(X),(X),(X),31.5,(X)
0500000US19079,19079,"Hamilton County, Iowa",6354,181,4236,196,3490,179,2118,173,5.8,1.8,4.9,2.1,2.3,1.5,9.4,4.4,5.5,1.7,0.8,0.7,0.2,0.2,15,4.6,14.6,3,10.5,2.9,6.7,2.3,21.7,6,10.8,2.2,9.3,2.8,7.4,2.6,15.9,4.8,15.2,2.6,14.3,3,14.1,3.5,16.1,4.8,24,3.1,28.3,4.9,31.5,4.9,15.3,4.2,10.9,1.6,13.4,2.4,16,2.8,4.3,2,9.1,1.6,13.5,2.3,15.8,2.7,0.3,0.3,2.2,0.9,2.7,1.1,3.3,1.4,0.8,0.7,1.9,0.9,2.3,1.1,2.8,1.3,1.1,1.2,47358,3736,57482,4642,63571,4367,27207,3543,60728,5314,68788,4272,N,N,42645,13039,28.8,(X),(X),(X),(X),(X),(X),(X),(X),(X),28.4,(X),(X),(X),(X),(X),(X),(X),(X),(X),(X),(X),28,(X)
0500000US19081,19081,"Hancock County, Iowa",4629,160,3124,147,2697,144,1505,154,3.4,1.1,2.1,1,0.4,0.3,8.2,3,4.3,1.1,2.2,1.3,0.7,0.6,11,3,10.5,1.8,4.5,1.4,3.3,1.2,21.8,4.6,12.7,2,8.9,1.9,7.8,1.9,19.4,4,16.5,2.3,15.5,2.8,15.2,3.2,18.3,4.8,22.5,3,28,3.6,29,3.9,11.8,4.1,15.5,2.2,19.4,2.9,22.1,3.3,4.7,2.5,10.6,2,13.9,2.4,15.3,2.9,3.6,3.2,1.8,1.1,2.5,1.5,2.9,1.7,0.4,0.4,2.3,0.6,3,1.1,3.3,1.3,0.8,1,52057,2983,64601,3334,69219,2547,30359,1852,64052,2710,75742,3990,N,N,37686,4113,29.4,(X),(X),(X),(X),(X),(X),(X),(X),(X),26.5,(X),(X),(X),(X),(X),(X),(X),(X),(X),(X),(X),32.4,(X)
0500000US19083,19083,"Hardin County, Iowa",6997,223,4472,206,3992,195,2525,192,5.3,1.3,1.8,0.7,0.8,0.5,12,3.3,6.8,1.5,2,0.9,1.6,0.9,15.9,3.6,9.9,1.3,4.6,1.3,3.8,1.2,19.8,3.4,11.9,1.8,12.1,2.5,9.4,2.4,12.8,3.2,14.8,2.1,12.7,2,12,2.1,17.5,3.8,18.9,2.2,22.8,2.9,24.1,3.2,10.9,3.2,16,2.1,21.7,3,23.8,3.4,5.5,2.5,11.8,1.8,16.1,2.8,17.7,3.1,4,2.6,2.3,0.9,3.3,1.3,3.7,1.4,0.6,0.8,2.2,0.8,2.8,1.1,3.2,1.3,1,0.8,50941,1767,67895,2981,72225,3760,27285,3826,62182,2456,75487,3256,N,N,37445,3463,23.8,(X),(X),(X),(X),(X),(X),(X),(X),(X),21.5,(X),(X),(X),(X),(X),(X),(X),(X),(X),(X),(X),27.7,(X)
0500000US19085,19085,"Harrison County, Iowa",5959,173,4033,177,3316,182,1926,146,5.3,1,2.6,1,1,0.8,11.9,2.5,5.1,1.2,2.1,0.7,0.9,0.5,11.8,3.7,11.6,1.8,6.5,1.5,4.8,1.4,23,4.4,8.6,1.3,8,1.6,6.5,1.5,10.4,2.8,16.2,2,16.1,2.3,15.1,2.5,16,3.5,21.2,2.2,22.8,2.6,23.2,2.7,17.4,3.7,15.5,1.9,19.2,2.6,21.8,3.1,7,2.3,11.4,1.6,16,2.2,19.1,2.6,0.8,0.7,3.6,0.8,4.7,1.1,5.7,1.3,1.2,1,1.4,0.5,1.9,0.7,1.9,0.8,0.3,0.3,53506,2686,64424,3482,73596,4216,27246,4503,62755,2303,74382,2963,N,N,36622,3027,27,(X),(X),(X),(X),(X),(X),(X),(X),(X),25.9,(X),(X),(X),(X),(X),(X),(X),(X),(X),(X),(X),27.5,(X)
0500000US19087,19087,"Henry County, Iowa",7512,177,5077,200,4029,191,2435,181,4.8,1.4,3.6,1.4,0.2,0.3,8.4,2.7,6.9,1.7,5.1,1.9,3.5,2.1,11.3,3,12.5,1.9,9.1,2.1,7.5,2.2,21.1,4,10.6,1.8,7.4,1.9,5,1.3,18.5,3.8,15.9,1.9,14.5,2.4,14,2.6,18.7,3.7,23.7,2.8,26,3,29.4,3.2,16,4.5,12.1,1.7,16.3,2.4,19.2,2.8,3,2.2,9.1,1.5,12.3,2.2,14.1,2.5,1.5,1.1,2.4,0.8,3.4,1.2,4.3,1.4,0.2,0.3,1.9,0.8,2.2,1.1,2.8,1.3,1.3,1.2,49036,3626,60799,3516,67515,2377,29378,1867,60634,3499,68304,3970,N,N,42225,8835,30.2,(X),(X),(X),(X),(X),(X),(X),(X),(X),29.9,(X),(X),(X),(X),(X),(X),(X),(X),(X),(X),(X),28.7,(X)
0500000US19089,19089,"Howard County, Iowa",3917,134,2474,133,2088,141,1443,137,6.1,1.7,3.3,1.9,2,1.4,13.2,4.1,7.1,2.1,4.5,2.2,4.3,2.2,12.5,4.7,10.1,2.4,5.9,2.8,4.3,2.3,15.8,3.7,13.7,2.6,11.2,2.9,8.6,2.7,20,4.8,15.8,2.8,15.8,3.4,14.5,3.6,14.8,5,22.2,3,24.9,3.8,26.9,4.2,16.6,4.8,12.6,2.1,17.9,3.4,19.9,3.8,3,1.9,8.4,1.8,11,2.9,13,3.4,2.4,1.7,1.6,0.7,2.2,1.1,2.6,1.2,0.5,0.7,2.5,1.1,3.4,1.6,4,1.8,1,1.3,47300,3847,58432,4809,64224,3874,29503,2738,59297,4200,68632,4818,N,N,40626,7795,22.6,(X),(X),(X),(X),(X),(X),(X),(X),(X),22.6,(X),(X),(X),(X),(X),(X),(X),(X),(X),(X),(X),22.7,(X)
0500000US19091,19091,"Humboldt County, Iowa",4200,109,2723,126,2159,130,1477,142,4.3,1.3,1.1,1.1,0.1,0.2,10.6,3.4,5.9,1.6,2.5,1.2,1.1,0.9,13.9,4.4,13.7,2.4,10.5,2.5,7.3,2.1,23.7,5.4,13.5,2.8,13.1,3.4,10.4,3,12.5,4.2,15.4,2.4,14.7,3,12.1,2.8,13.7,3.8,20.1,2.7,22.1,3.5,24.9,3.8,15.1,3.9,12,1.8,16.3,2.7,19.6,3.3,3.7,1.9,10.1,1.7,13.7,2.3,17.2,2.9,3.4,2.5,3.1,1,4,1.5,5,1.8,1.4,1.2,1.9,1.1,1.8,1.1,2.3,1.4,2,2.6,47500,3178,59568,2938,68768,2995,26118,5340,60672,3798,70439,3643,N,N,40997,8020,25.9,(X),(X),(X),(X),(X),(X),(X),(X),(X),25.2,(X),(X),(X),(X),(X),(X),(X),(X),(X),(X),(X),25.1,(X)
0500000US19093,19093,"Ida County, Iowa",3124,101,2045,106,1685,95,1079,111,5.7,1.6,3.7,1.5,0.7,0.6,10.8,4.1,7.3,1.7,3.8,1.7,2.8,1.9,14.8,3.5,11.9,2.1,7.1,1.9,5,1.6,20.9,5.1,13.7,2.4,11.5,2.8,9.1,2.5,18.6,5.1,14.9,2.3,14.3,2.9,13.4,3,15.5,4.2,19.8,2.2,23.3,2.9,25.2,3.1,11.6,3.7,11.4,1.9,14.5,2.6,17.4,3.1,5,3.3,10.7,1.7,15.5,2.5,18.6,3.1,1.5,1.1,1.9,0.9,2.6,1.2,3.1,1.4,0.6,0.6,2.7,1.3,3.8,2,4.6,2.4,0.7,0.8,45912,3143,59030,2942,70819,4443,28058,4235,60815,4327,73675,6452,N,N,34864,3565,30.4,(X),(X),(X),(X),(X),(X),(X),(X),(X),30.6,(X),(X),(X),(X),(X),(X),(X),(X),(X),(X),(X),29.7,(X)
0500000US19095,19095,"Iowa County, Iowa",6705,164,4744,194,4064,174,1961,212,3,0.9,2.2,1,0.8,0.7,7.3,2.9,2.6,0.8,0.4,0.4,0,0.5,7.5,2.7,10,2.1,7.5,2.1,6.2,2.2,18.2,4.8,10.9,2.1,7.6,2.5,7.2,2.8,18.8,4.4,17.9,2.5,14,2.5,11.8,2.3,25.3,5.8,18.5,2.7,20.7,3.1,20.1,3.4,11.7,4.2,15.4,2.6,19.4,3.4,21.7,3.9,5.7,2.9,15.8,2.4,21.3,3.2,24,3.7,2.1,1.6,4.1,1.5,4.6,1.8,5.4,2,2.9,2.3,1.8,0.8,2.4,1.1,2.8,1.3,0.6,0.7,58553,5210,72361,3210,78635,2743,33914,3574,69302,3056,79455,3456,N,N,42772,4983,24.7,(X),(X),(X),(X),(X),(X),(X),(X),(X),25.5,(X),(X),(X),(X),(X),(X),(X),(X),(X),(X),(X),20.3,(X)
0500000US19097,19097,"Jackson County, Iowa",8494,155,5789,230,4711,197,2705,204,7.9,1.3,4.6,1.8,1,0.5,16.7,3.3,5.5,1.2,1.9,0.8,1.6,0.7,13.6,2.8,12.1,1.7,6.6,1.4,4.4,1.2,22.6,3.9,11.3,1.7,9.4,1.9,9,1.9,16.6,3.6,15.7,1.8,18.4,2.5,18,2.6,10.4,2.4,21.1,1.8,24.5,2.3,25,2.6,12.5,2.9,12.9,1.6,16.4,2.1,19.1,2.4,4.4,1.8,9.6,1.5,12.5,2,15.1,2.4,3.1,2.4,2,0.7,2.9,1,3.3,1.2,0.1,0.3,1.9,0.6,2.8,0.9,3.3,1.1,0,0.7,47004,2955,57494,3342,65605,3161,23399,2277,58476,2599,70222,3612,N,N,31829,2466,23.3,(X),(X),(X),(X),(X),(X),(X),(X),(X),22.3,(X),(X),(X),(X),(X),(X),(X),(X),(X),(X),(X),24.2,(X)
0500000US19099,19099,"Jasper County, Iowa",14658,276,9697,354,7699,330,4961,311,5.2,1.1,1.5,0.8,0.2,0.2,13.2,3,4.7,1.2,1.9,0.8,0.4,0.3,10.9,3,11.4,1.4,8,1.5,5.9,1.2,18.4,3.1,12.2,1.6,9.9,1.7,7.1,1.4,18,3.9,14.6,1.5,14.5,1.8,13.3,2,15.5,2.6,21,1.9,23.4,2.5,25.2,2.9,14.1,3.2,14.6,1.7,19.3,2,22.5,2.4,5.1,2.3,12.1,1.5,16.1,2.1,18.8,2.6,3.1,1.4,2.8,0.7,3.5,1,4.3,1.2,1.3,1,1.4,0.5,1.9,0.7,2.4,0.8,0.3,0.2,52430,2457,66319,2611,73014,2838,29352,1922,63518,2554,75320,3599,N,N,38183,2983,28.4,(X),(X),(X),(X),(X),(X),(X),(X),(X),27.4,(X),(X),(X),(X),(X),(X),(X),(X),(X),(X),(X),28.6,(X)
0500000US19101,19101,"Jefferson County, Iowa",6886,294,4083,239,3302,254,2803,278,9.6,2.5,2.9,1.6,1.1,1,19.9,5.7,6.3,1.9,1.7,1.2,1.4,1.3,12.9,4.2,14.6,3.1,11.2,3.5,7.1,2.8,21,5,9,2,9.1,2.8,8.6,2.9,8.6,2.6,14.8,2.5,17.3,3.4,16,4,12.5,4.2,19,3.3,24.5,4.6,27.5,5.3,10.2,3.5,12.3,2.4,14.3,3.3,15.3,3.5,8.6,3.7,9.6,2,12.5,2.7,15.4,3.2,4.1,1.9,1.7,1,1.9,1.3,2.3,1.6,1.5,1.3,3.1,1,4.6,1.6,5.2,1.9,0.8,0.9,44688,4262,59596,3317,63660,2398,22802,3251,64325,6049,80109,9953,N,N,39346,7042,27.4,(X),(X),(X),(X),(X),(X),(X),(X),(X),30.6,(X),(X),(X),(X),(X),(X),(X),(X),(X),(X),(X),21.7,(X)
0500000US19103,19103,"Johnson County, Iowa",54850,496,29769,683,23251,644,25081,714,9.4,0.8,3.4,0.7,1.1,0.4,17.3,1.7,4.8,0.6,1.9,0.5,0.7,0.4,8.8,1.4,10,0.9,4.7,0.9,2.8,0.8,16.4,1.7,9.4,1,6.3,1.1,4.5,1,13.9,1.9,12.5,1.1,10.8,1.3,8.5,1.2,14.7,1.6,15.7,1.3,16.9,1.5,16.4,1.6,14.1,2,14,1.1,18.2,1.5,20.7,1.8,8,1.4,13.5,1,20.2,1.6,23.7,1.9,4.7,1,5.2,0.7,8.8,1.2,11.1,1.5,1,0.5,5.5,0.6,8.8,1,10.6,1.2,1.1,0.4,54985,1953,82351,1985,93404,2871,29744,1701,76117,2059,103413,3729,117371,4876,41184,1834,22.3,(X),(X),(X),(X),(X),(X),(X),(X),(X),21.1,(X),(X),(X),(X),(X),(X),(X),(X),(X),(X),(X),22.9,(X)
0500000US19105,19105,"Jones County, Iowa",8235,299,5680,248,4549,237,2555,216,4.7,1.1,2.5,1,1.1,0.7,10.3,3.1,5.7,1.4,2.2,1.1,0.9,0.6,14.8,4.1,8.8,1.5,5.4,1.4,4.4,1.3,15.6,3.7,9.2,1.7,7.4,1.8,5.9,1.5,13.4,3.5,16.6,2.1,15.4,2.5,14.4,2.7,18.7,3.6,23.6,2.5,27.6,3,26.8,3.2,17.1,4.8,14.7,2.2,18.2,2.9,21.2,3.1,4.7,2.3,11.1,1.6,13.9,2.3,16.5,2.9,3.6,1.6,3.5,1.1,4.7,1.6,5.6,2,0.9,1,2.2,0.8,2.8,1.1,3.1,1.4,0.9,0.8,54264,2680,65096,3490,71589,2552,30829,4586,67323,3613,77368,4206,N,N,42668,6405,25,(X),(X),(X),(X),(X),(X),(X),(X),(X),24.5,(X),(X),(X),(X),(X),(X),(X),(X),(X),(X),(X),25,(X)
0500000US19107,19107,"Keokuk County, Iowa",4386,122,2813,126,2379,120,1573,128,5.5,1.3,2.8,1.2,1.3,0.7,11.1,3.1,7.1,1.4,4,1.1,3.4,1.4,13.4,3.1,12.3,1.6,8.3,1.9,6.2,2,19.5,3.5,13.5,2.3,11.6,2.2,9.5,2.2,18.6,4.8,16,2.5,14.5,2.2,13.2,2.3,18.4,5,22,2.5,26.4,3.5,28.6,3.9,12,2.7,10.6,1.6,13.2,2.1,15.3,2.4,5.6,2.4,10.3,1.7,15.7,2.4,18.3,2.8,0.8,0.7,1.7,0.9,2.7,1.4,3.2,1.6,0.1,0.1,0.9,0.5,1,0.6,1.1,0.7,0.7,0.8,44745,3012,56824,2850,63820,3420,27760,2080,55126,2709,66322,3916,N,N,33861,2568,29.4,(X),(X),(X),(X),(X),(X),(X),(X),(X),26.6,(X),(X),(X),(X),(X),(X),(X),(X),(X),(X),(X),32.2,(X)
0500000US19109,19109,"Kossuth County, Iowa",6628,182,4251,162,3682,184,2377,235,3.8,1,1.8,1,1.1,0.9,8.2,2.3,6.1,1.3,1.6,0.9,1.4,0.9,14.3,3.4,11.2,1.7,6.4,1.4,5.1,1.3,20,3.6,12.7,1.8,10.1,1.6,8.8,1.8,17.5,3.8,13,1.8,13.1,2.1,11.4,2,13,3,21.4,2,23.7,2.5,25,2.8,17.2,3.8,14.7,2.1,19.4,2.7,21.6,2.9,6,2.4,10.2,1.5,14.8,2.3,15.9,2.6,1.6,1,3.4,0.9,4.7,1.2,4.9,1.3,0.7,0.7,3.4,1,4.3,1.2,4.9,1.3,1.6,1.6,52345,2079,66624,2726,71739,4601,27922,2437,67131,3301,81635,3994,N,N,39699,5127,23.2,(X),(X),(X),(X),(X),(X),(X),(X),(X),21.1,(X),(X),(X),(X),(X),(X),(X),(X),(X),(X),(X),26.3,(X)
0500000US19111,19111,"Lee County, Iowa",14319,306,9271,314,7034,286,5048,341,9.3,1.4,5.4,1.6,2.9,1.4,17.9,2.6,5,0.8,2.5,0.9,1.3,0.7,10.3,1.8,11.5,1.4,7.5,1.6,4.6,1.2,19.8,2.9,13.8,1.4,12.4,1.9,10.4,1.8,16.7,2.7,15.9,1.8,15.3,2,12.8,2,16,3,21.2,1.4,25,1.9,28.7,2.5,13.3,3,12.5,1.6,16.8,2.3,20.2,2.8,4,1.5,7.6,1.1,10.5,1.7,13.3,2.1,1.4,0.8,2,0.5,3,0.8,3.5,1,0.3,0.4,1.2,0.5,1.7,0.8,2.3,1,0.3,0.4,43314,2212,56312,2901,65601,2277,26126,1996,54333,2467,65207,3562,73967,4151,31917,1901,32.2,(X),(X),(X),(X),(X),(X),(X),(X),(X),29.5,(X),(X),(X),(X),(X),(X),(X),(X),(X),(X),(X),35.1,(X)
0500000US19113,19113,"Linn County, Iowa",87004,766,54987,842,42623,851,32017,834,5,0.5,2.7,0.4,0.6,0.2,10.2,1.2,4.4,0.5,1.8,0.5,0.6,0.2,9.3,1.1,9.5,0.7,5.1,0.7,2.4,0.5,17.8,1.4,9.4,0.8,6.5,0.7,3.9,0.5,15.1,1.6,13.1,0.7,11.8,0.9,9.4,1,16,1.2,19.6,1,20.2,1.1,20.6,1.1,17.6,1.5,15.2,0.8,18.9,1.2,22,1.4,7.5,0.9,15,0.7,20.5,1.1,25.1,1.3,4.5,0.9,5.1,0.5,7.3,0.8,8.9,1,1.1,0.4,3.6,0.4,5.2,0.6,6.6,0.7,0.9,0.3,59560,1337,77182,1575,88968,1875,33156,1513,74973,1425,90678,1814,103587,2241,45339,2276,22.1,(X),(X),(X),(X),(X),(X),(X),(X),(X),21.1,(X),(X),(X),(X),(X),(X),(X),(X),(X),(X),(X),22.8,(X)
0500000US19115,19115,"Louisa County, Iowa",4386,125,3120,135,2501,144,1266,137,5.1,1.3,2.8,1.3,1.8,0.9,11.6,3.8,4.2,1.2,2.2,0.9,1.6,1.1,9.6,3.3,10.1,1.3,6.8,1.6,5,1.6,17.5,3.4,14,2.8,12.1,2.9,10,3,21.2,6.1,14.5,2.4,15.2,3,13.2,2.9,14.8,4.5,22.2,2.8,25.7,3.4,28.3,3.6,10.6,3.9,13.7,2.2,16.7,2.8,17.8,3.4,5.8,2.2,12.3,2.2,13.4,2.4,16,3,8.4,5.8,2.7,1.6,3.8,2.3,4.7,2.8,0,1.6,1.1,0.8,1.4,1.1,1.7,1.4,0.6,0.5,52750,3386,60227,2220,64812,5007,30187,2466,63795,5305,71322,6956,N,N,42330,5460,31,(X),(X),(X),(X),(X),(X),(X),(X),(X),30.7,(X),(X),(X),(X),(X),(X),(X),(X),(X),(X),(X),26.9,(X)
0500000US19117,19117,"Lucas County, Iowa",3745,140,2455,127,2037,131,1290,129,7.8,2.4,6.2,2.9,3.1,2.4,11.9,4.5,6.4,1.9,2.4,1.3,1.8,1.1,14.7,4.4,16.4,2.8,10.6,3.1,7.9,2.6,26.7,5.6,11.4,2.2,8.8,2.3,8.7,2.7,16.4,4.8,13.1,2.3,15.8,3.4,14.5,3.5,10.7,3.4,22.7,3.2,28,3.6,30.6,4.1,11,4.3,11.1,2.3,12.8,3.3,15.1,3.9,6.7,3.6,8,1.9,11.3,2.8,13.4,3.2,1.2,1.2,1.9,0.8,3,1.2,3.6,1.4,0,1.5,1,0.6,1.1,0.7,1.4,0.9,0.7,0.8,43280,2574,56359,3723,60946,2497,23704,2863,52251,2947,62101,4074,N,N,32246,4317,30.5,(X),(X),(X),(X),(X),(X),(X),(X),(X),27.9,(X),(X),(X),(X),(X),(X),(X),(X),(X),(X),(X),35.5,(X)
0500000US19119,19119,"Lyon County, Iowa",4495,120,3231,131,2877,137,1264,128,4.8,1.5,2.1,1,1.1,0.7,13.1,4.6,4.2,1.1,1.5,0.7,1.2,0.8,10.4,3.1,10.5,1.7,5.4,1.7,3.6,1.6,23.3,4.2,10.8,2.2,8.7,2.2,6.8,2.1,16.6,5.2,14.2,2,13.9,2.6,13.1,2.6,14.4,4,25.4,2.1,29.8,2.4,31.9,2.7,14.4,4.4,13.7,1.8,16.9,2.3,18.1,2.5,5.3,2.2,10.3,1.5,13.2,2.2,14.7,2.5,2.3,1.5,3.4,1.8,4.7,2.4,5.3,2.7,0,1.6,2.8,1,3.8,1.4,4.1,1.5,0.2,0.3,54344,2782,64713,3160,68713,3703,26314,2646,66247,3942,78504,4733,N,N,33803,3063,27.5,(X),(X),(X),(X),(X),(X),(X),(X),(X),26.8,(X),(X),(X),(X),(X),(X),(X),(X),(X),(X),(X),29.1,(X)
0500000US19121,19121,"Madison County, Iowa",6103,135,4149,201,3515,220,1954,213,6.3,2.4,1.8,1,0.6,0.7,16.9,6.8,3.6,1.4,1.4,0.9,1.3,0.9,7.4,3.3,9.4,2.3,4.4,1.5,3.6,1.4,20.1,6.2,12.1,2.7,10.6,3.7,9.8,3.8,15.3,5.8,11.9,2.7,14.7,3.7,10.2,3.3,7.4,3.1,20.7,3,21.9,3.7,23.5,3.9,17.6,4.7,14.2,2.1,17.4,2.9,18.8,2.8,7.1,3.1,13.9,2.3,18.1,2.9,20.8,3.5,4.8,3.5,4.6,1.4,5.8,1.9,6.8,2.3,1.8,1.8,3.3,1.3,3.9,1.5,4.6,1.8,1.6,2.1,56661,4503,68875,5169,76512,6153,28942,5580,70700,3799,82538,4915,N,N,43721,7833,26.1,(X),(X),(X),(X),(X),(X),(X),(X),(X),24.4,(X),(X),(X),(X),(X),(X),(X),(X),(X),(X),(X),29.6,(X)
0500000US19123,19123,"Mahaska County, Iowa",9084,194,5844,235,4784,205,3240,224,8.8,1.6,3.5,1.4,0.7,0.5,18.7,3.9,5.9,1.2,3.5,1.1,2.5,1.3,10.4,2.8,11.3,1.9,8.1,2,5.7,1.8,17.6,3.9,11.1,1.7,9.7,2.1,7.8,1.9,15.1,3.4,13.9,1.9,13.3,2.4,12.4,2.3,16.2,3.9,22,2.3,26,3.2,28.7,3.5,13.8,3.7,13.9,1.8,18.3,2.6,21.2,3,3.2,1.7,8.7,1.3,12.1,2.1,14.4,2.5,2.6,1.6,2.6,0.7,3.6,1.1,4.5,1.4,0.6,0.6,1.8,0.6,1.8,0.7,2.2,0.9,1.9,1.2,48750,3199,59286,2146,68698,3823,28011,3135,59994,3052,70155,3950,N,N,39583,5057,27.5,(X),(X),(X),(X),(X),(X),(X),(X),(X),27.6,(X),(X),(X),(X),(X),(X),(X),(X),(X),(X),(X),26,(X)
0500000US19125,19125,"Marion County, Iowa",12843,260,9015,279,7819,263,3828,302,5.7,1.2,3.4,1,1.5,0.7,12.3,3.6,4.6,1,2.1,0.9,1.6,0.8,10.7,2.7,9.5,1.5,5.1,1.7,3.2,1.1,20,3.5,10,1.3,7.6,1.3,6.4,1.3,15.9,2.8,14.6,1.9,13,2,11.4,1.9,18.3,4.1,20.1,2.5,22.1,3,23.2,3.2,14.7,3.9,18.5,2.1,24.1,3,26.8,3.1,4.9,2.7,12.3,1.5,16.5,2.2,18.9,2.5,1.7,1.1,2.4,0.6,3.1,0.8,3.5,0.9,0.8,0.7,2.4,0.8,3.1,1,3.5,1.2,0.7,0.7,55419,3194,70923,4117,76302,1634,28677,2532,66373,3049,78504,4053,N,N,36173,3047,23,(X),(X),(X),(X),(X),(X),(X),(X),(X),22.1,(X),(X),(X),(X),(X),(X),(X),(X),(X),(X),(X),24.5,(X)
0500000US19127,19127,"Marshall County, Iowa",15354,210,10457,343,8414,349,4897,350,5,1.1,3.2,1,1,0.7,10,2.6,4.7,0.9,2.5,0.9,1.3,0.8,10.5,2.3,10.2,1.3,5.5,1.2,3.4,1,21.8,3.3,10.6,1.4,10,1.7,7.9,1.7,14.5,2.3,16.3,1.8,16,2.1,15,2,15.8,2.9,23.9,2,27.2,2.3,29.8,2.7,15,3.1,14.1,1.7,15.8,1.8,18.7,2.2,7.7,2.5,10.4,1.1,14.4,1.5,16.4,1.8,1.5,0.7,2.9,0.8,3.5,1,4.3,1.3,1.3,0.9,1.9,0.7,1.9,0.7,2.4,0.9,1.9,1.7,52354,1724,60905,2227,67434,3408,29340,2388,62905,2408,71714,2936,79583,3420,40547,3764,27.3,(X),(X),(X),(X),(X),(X),(X),(X),(X),27.4,(X),(X),(X),(X),(X),(X),(X),(X),(X),(X),(X),24.5,(X)
0500000US19129,19129,"Mills County, Iowa",5348,159,3950,163,3351,156,1398,149,3.5,1.4,1.5,1,1.1,1,9.3,3.9,3.1,1.2,2.2,1.4,2,1.5,6.1,2.6,8.3,1.8,5,1.8,2.5,1,17.9,5.4,9.5,1.9,8.3,2.2,6,1.7,14.6,5.2,12.9,2.3,9.8,2.1,9,2.2,21.8,5.6,18.2,2.3,18.8,2.9,16.9,2.9,18.7,5.3,15.6,2.5,18.2,3.2,21,3.7,6.1,2.9,21.6,2.9,26.6,3.4,30.1,3.8,5.2,1.9,5.4,1.5,7.2,2,8.5,2.3,0.4,0.7,1.9,0.9,2.6,1.3,2.9,1.5,0,1.4,65160,3905,79870,3653,88839,3889,37206,6040,75408,2736,86656,3347,N,N,41203,2827,24.6,(X),(X),(X),(X),(X),(X),(X),(X),(X),23.7,(X),(X),(X),(X),(X),(X),(X),(X),(X),(X),(X),25.5,(X)
0500000US19131,19131,"Mitchell County, Iowa",4453,143,2959,119,2550,128,1494,152,4.7,1.4,1.2,0.7,1.4,0.9,11.7,4,5.6,1.4,3.5,1.6,2.2,1,11.1,3.5,12.6,2.1,8.4,2.4,6.1,2.1,24.2,5.5,11.6,2,9.5,2,7.8,2.1,15.1,4.4,18.1,2.6,18,3,16.6,3,16.3,4.6,19.3,2.8,22,3.4,24.2,3.7,13.4,3.8,13.3,2.4,17.1,3.3,18.3,3.5,4.1,2.8,11,2.1,15.3,3.2,17.6,3.7,2.5,1.7,2.4,0.9,3.4,1.4,4,1.6,0.3,0.5,1.5,0.7,1.7,1,1.8,1.2,1.1,0.8,47326,2853,61213,6323,68371,3743,26158,3248,58994,2730,69845,3758,N,N,35561,3760,22,(X),(X),(X),(X),(X),(X),(X),(X),(X),21.9,(X),(X),(X),(X),(X),(X),(X),(X),(X),(X),(X),22.1,(X)
0500000US19133,19133,"Monona County, Iowa",3972,167,2512,153,2058,160,1460,141,5.9,1.8,4.3,2.5,0.7,0.4,11.2,3.8,8.2,2.2,2.3,1.2,1.2,0.9,18.4,5.1,13,2.1,7.7,1.9,6.6,2,22.1,4.2,14.3,2.3,10.5,2.7,9.3,2.6,18.4,4.2,16.8,2.7,18.9,3.7,19.1,4.4,13.4,3.5,18.1,2.2,22.5,3.1,23.4,3.4,9.7,3.1,11.7,2.5,16.6,3.9,19.5,4.4,3.6,1.6,7.5,1.6,10,2.4,11.9,2.9,2.6,1.7,2.5,0.9,3.9,1.4,4.8,1.7,0.2,0.3,2.1,0.8,3.1,1.2,3.5,1.4,0.3,0.4,41238,1679,56603,6752,66494,5162,24316,2072,55834,3301,69197,4452,N,N,31594,2559,27.5,(X),(X),(X),(X),(X),(X),(X),(X),(X),30.3,(X),(X),(X),(X),(X),(X),(X),(X),(X),(X),(X),22.9,(X)
0500000US19135,19135,"Monroe County, Iowa",3280,146,2087,153,1682,153,1193,155,7,2.3,3.4,2,3,2.1,14.5,5.5,4.7,2.4,3.4,2.6,1.7,2.2,8,4.9,12.2,2.7,7,3,5.4,3,22,5.8,13,3.1,9.8,3.7,10,4,19.3,7.1,17.6,4.4,17.3,4.7,13.2,4.4,18.5,7.3,18.2,4,21.4,5.8,22.1,6.2,11.2,5.2,11.6,3.6,16.9,5.1,19.3,6.6,2,3.1,13.9,3.4,17.7,4.6,21.6,5.3,4.4,3.9,1.3,1.1,2,1.8,2.4,2.2,0,1.7,0.7,0.9,1.1,1.3,1.4,1.7,0,1.7,47297,2922,58016,6156,66761,8037,28671,4164,57264,3608,68785,4503,N,N,33621,4060,28.4,(X),(X),(X),(X),(X),(X),(X),(X),(X),24.7,(X),(X),(X),(X),(X),(X),(X),(X),(X),(X),(X),33.7,(X)
0500000US19137,19137,"Montgomery County, Iowa",4590,161,3120,161,2262,156,1470,166,7.1,1.9,5.3,2.2,1,0.9,12.7,4.8,10.5,2.5,6.8,2.3,2.6,1.5,19.7,5.5,14.4,2.4,8.7,2.4,5.8,1.8,26.7,5.1,11,2.3,10,2.9,8.1,2.7,12,4.1,12.7,2.3,12.9,2.9,12.9,3.3,12.3,3.9,22.2,2.6,28.8,3.4,33.6,3.8,9.2,3.4,9.1,1.8,11.1,2.2,14.5,2.9,3.3,1.8,9.3,2.1,11.2,2.7,14.5,3.7,4.1,2.7,2.3,0.8,3.4,1.2,4.5,1.6,0,1.3,1.4,0.5,2,0.7,2.6,1,0,1.3,43566,2375,54575,2891,63354,2965,19487,2197,53261,2542,62589,3219,N,N,30190,3254,29.1,(X),(X),(X),(X),(X),(X),(X),(X),(X),30.4,(X),(X),(X),(X),(X),(X),(X),(X),(X),(X),(X),23.9,(X)
0500000US19139,19139,"Muscatine County, Iowa",16301,282,11440,323,8961,289,4861,292,5.9,1.2,5.4,1.5,1.3,0.7,9.9,2.3,5.4,1.1,3.4,1.2,1.3,0.8,10,2.3,10.7,1.3,6.9,1.3,4.8,1.2,20.7,3.1,9.6,1.5,7.1,1.5,6.2,1.7,15.2,2.7,15.6,2,14.9,2,14.8,2,18.4,3.2,21.3,2,23.6,2.4,25.2,2.7,13.4,2.7,14.7,1.5,16.7,2.1,19.5,2.4,9,2.1,12.4,1.5,16.1,2,19.3,2.5,2.5,1.2,2.6,0.6,3.5,0.9,4.4,1.1,0.4,0.5,1.8,0.6,2.4,0.8,3.1,1,0.4,0.6,52899,1832,63220,2836,71700,2589,30486,2839,63706,2281,72956,3313,83165,4053,38482,2695,29.1,(X),(X),(X),(X),(X),(X),(X),(X),(X),30.1,(X),(X),(X),(X),(X),(X),(X),(X),(X),(X),(X),24.3,(X)
0500000US19141,19141,"O'Brien County, Iowa",6018,136,3949,199,3426,156,2069,188,5.7,1.4,3.1,1.6,1.6,0.9,10.8,3.5,6.8,1.7,2.2,1.4,1.3,1.3,16.2,4.3,11.7,2.3,7.3,2.5,5.8,2.2,20.5,4.9,10.9,2.1,8.7,2.2,7.7,2.4,15.7,4.8,12.9,2.1,13.1,2.6,12.2,2.8,12.2,3.2,23.7,3.1,27.5,4.4,29,4.7,16,4.6,11.6,2.4,16.3,3.5,18.1,3.9,3.1,2.3,8.9,1.7,12.1,2.8,13.3,2.9,3,1.8,3,1.1,3.5,1.6,3.8,1.9,0.9,1,4.7,1.7,6.4,2.5,7.4,2.8,1.4,0.9,52458,4177,64786,2909,68281,3458,25836,1752,70093,6502,85560,9545,N,N,39093,4295,24.6,(X),(X),(X),(X),(X),(X),(X),(X),(X),23.6,(X),(X),(X),(X),(X),(X),(X),(X),(X),(X),(X),25.7,(X)
0500000US19143,19143,"Osceola County, Iowa",2697,84,1812,119,1563,98,885,113,3.6,1.1,2.4,1.2,0.8,0.8,6.8,3,5.5,1.4,1.4,1,1.5,1.1,14.1,3.6,10.8,2.2,4.7,1.6,4.7,1.7,23.5,5.3,13.3,2.4,11.8,3.2,8.4,3,16.5,5.1,15.6,2.6,14,3,14.3,3.3,18.3,4.7,25.2,3.3,31.8,4.7,31.2,5.3,14,4.7,12.3,2.4,15.5,2.7,17.9,3.2,2.6,2,9.1,2,11.6,3,13.4,3.6,4,3,3,1.7,4.4,2.4,5.1,2.8,0,2.2,1.6,0.9,2.2,1.3,2.6,1.6,0.2,0.5,50700,2205,63478,3776,66913,3154,29792,5675,59444,3183,70963,4048,N,N,34377,3408,30.3,(X),(X),(X),(X),(X),(X),(X),(X),(X),30.4,(X),(X),(X),(X),(X),(X),(X),(X),(X),(X),(X),29.7,(X)
0500000US19145,19145,"Page County, Iowa",6379,267,4104,224,3345,205,2275,211,7.3,1.6,3.3,1.3,1.5,0.9,15.6,3.9,7.6,1.8,3.8,1.7,1.3,0.8,14.3,4.1,10.8,1.6,7.9,1.9,6.9,2,16.5,3.5,12.5,1.9,7.9,2,7.1,1.9,19.8,4,15.9,2.2,16,2.5,14,2.5,16.1,4,21.6,2.6,26.9,3.1,28.7,3.7,12.3,3.3,10.2,1.8,14.9,2.4,16.9,2.9,1.4,1.1,10.9,1.6,14.9,2.3,18.2,2.7,2.8,1.5,1.2,0.7,1.6,0.7,1.9,0.9,0.7,1.1,2,0.8,2.8,1.2,3.4,1.5,0.4,0.4,44786,2543,59769,3704,66396,2625,26266,2367,56343,2546,68517,3463,76255,4181,33001,3263,26.2,(X),(X),(X),(X),(X),(X),(X),(X),(X),24,(X),(X),(X),(X),(X),(X),(X),(X),(X),(X),(X),29.4,(X)
0500000US19147,19147,"Palo Alto County, Iowa",4011,136,2489,125,2058,130,1522,136,5.3,1.6,1.9,1.1,0.5,0.5,11.2,3.8,5.9,1.6,2.3,1.2,1,0.7,11.8,4,15,2.5,10.1,2.5,7.4,2.7,24.6,5,12.7,2.1,10.7,2.8,9.1,2.7,18.3,4.3,15.1,2.9,15.7,3.5,15.3,4.2,11.6,3,18.7,2.7,22.9,4,24,3.9,10.5,3.3,13.9,2.3,17.9,3.5,21.3,4,7,2.8,8.7,1.7,11.6,2.7,13.1,3.3,3.5,1.5,2.6,1.1,3.8,1.6,4.6,2,0.8,1.2,2.1,1,3.1,1.6,3.7,1.9,0.6,0.8,46334,2869,60439,2945,66700,4759,26034,2341,59475,3179,71483,4592,N,N,38677,5226,28.3,(X),(X),(X),(X),(X),(X),(X),(X),(X),30.9,(X),(X),(X),(X),(X),(X),(X),(X),(X),(X),(X),22.2,(X)
0500000US19149,19149,"Plymouth County, Iowa",9899,211,6989,263,5899,235,2910,259,4,1.1,2.4,1.1,0.6,0.3,7.9,3.3,3.7,1,1.7,1.1,0.5,0.4,10.5,3.2,10,1.6,4.3,1.1,3.6,1.1,23.8,4.5,10.9,1.6,8.9,1.6,7.5,1.7,16.8,3.9,15,1.9,14,2.5,12.8,2.3,18.8,3.5,20.9,2.1,21.7,2.6,22.2,2.7,15.8,3.6,15.7,2,20.3,2.5,22.5,2.8,3.2,1.7,13,1.3,17.7,2,20.7,2.3,1.5,1,4.6,1.1,6,1.5,6.2,1.6,1.1,1,2.2,0.7,2.9,1,3.4,1.3,0.5,0.5,57583,3214,71762,2964,77107,2607,29574,2695,69455,2357,81428,3438,N,N,38408,3011,29.9,(X),(X),(X),(X),(X),(X),(X),(X),(X),29.3,(X),(X),(X),(X),(X),(X),(X),(X),(X),(X),(X),29.3,(X)
0500000US19151,19151,"Pocahontas County, Iowa",3222,93,1970,81,1620,70,1252,93,7.5,1.8,3.6,1.5,1.9,1.3,14.6,3.9,7.2,1.5,3.6,1.3,1,0.6,14.1,3,14.3,2.3,8.5,2,7.3,2,22.7,4.4,9.1,1.8,9.1,2.1,7,1.8,10.2,3.5,15.3,2.2,16.6,3.2,15,3.2,15.9,3.6,21.7,2.4,24.6,3.1,27,3.6,14.8,4.3,12.5,1.8,14.7,2.2,17.3,2.5,6.1,2.3,8.1,1.8,13.1,3,15.9,3.5,0.2,0.3,2.2,0.9,3.1,1.4,3.8,1.6,0.6,0.5,2.1,0.8,3,1.2,3.6,1.4,0.7,0.7,45500,3345,57813,3398,65250,3188,24400,3625,57864,3430,71506,4704,N,N,33731,3144,24.5,(X),(X),(X),(X),(X),(X),(X),(X),(X),24.5,(X),(X),(X),(X),(X),(X),(X),(X),(X),(X),(X),22.8,(X)
0500000US19153,19153,"Polk County, Iowa",174759,900,113841,1325,85911,1371,60918,1227,5.7,0.4,4,0.5,1.4,0.3,10.1,0.8,3.9,0.3,2.2,0.3,1,0.3,7.7,0.6,8.7,0.4,5.7,0.5,2.9,0.4,15.1,0.9,9.6,0.4,7.7,0.6,5.2,0.5,14.2,1,13.5,0.5,11.1,0.7,9.1,0.7,17.7,1.1,19.9,0.7,19.9,0.9,20.1,1,19,1.3,14.1,0.6,16.3,0.7,18.9,0.9,8.7,0.9,14.9,0.6,19.7,0.8,24.6,1,4.9,0.6,5.3,0.4,7.2,0.6,9.3,0.8,1.6,0.4,4.4,0.3,6.1,0.5,7.6,0.6,1,0.2,59844,862,74101,1277,88148,1596,37110,986,77252,1336,91720,1986,106140,2330,46955,1280,29.5,(X),(X),(X),(X),(X),(X),(X),(X),(X),29.6,(X),(X),(X),(X),(X),(X),(X),(X),(X),(X),(X),27.7,(X)
0500000US19155,19155,"Pottawattamie County, Iowa",36615,371,24527,543,17993,506,12088,529,5.9,0.7,3.7,0.7,1,0.4,11.8,1.5,5.9,0.7,2.8,0.6,1.2,0.5,12.7,1.7,10.4,0.9,7.2,1,4.8,0.9,18.2,2.1,11.2,0.9,8.6,1.1,6.8,1.1,16.4,1.8,14.8,1,14.1,1.3,11.3,1.3,16.2,1.8,20.1,1.1,22.5,1.4,23.2,1.6,14.2,1.7,14.3,1,17.7,1.3,22,1.6,5.8,1.4,11.5,0.7,15.6,1,20,1.3,2.9,0.7,3.1,0.4,4,0.6,4.8,0.7,0.9,0.5,2.8,0.5,3.7,0.7,5,0.9,0.9,0.6,51939,1789,64553,1822,76858,1787,29730,1622,66317,1917,78812,2672,91772,3310,38026,2186,27.3,(X),(X),(X),(X),(X),(X),(X),(X),(X),27.1,(X),(X),(X),(X),(X),(X),(X),(X),(X),(X),(X),26.1,(X)
0500000US19157,19157,"Poweshiek County, Iowa",7424,214,4596,203,3814,198,2828,200,6.4,1.6,2.5,1,0.9,0.7,13.7,3.6,5.4,1.3,1.8,1,1.3,1,11.8,3.1,10.7,1.9,5.4,1.4,3.7,1.4,20.1,3.6,11.1,1.7,9.1,2.1,7.7,2,13.2,3.1,14.7,2.1,13,2.3,11.3,2.2,18.1,4.2,22,2.4,26,3.1,28.2,3.4,14.1,3.9,11.9,2.1,16.6,2.9,17.8,3.1,3.9,1.4,12.1,1.6,18,2.4,20.2,2.7,2.4,1.3,2.8,1,3.9,1.4,4.7,1.7,1,1,2.9,0.9,3.7,1.3,4.2,1.6,1.7,1.6,51650,2406,69096,3279,73194,2284,27181,3943,65562,3910,79721,4377,N,N,41292,6813,25.7,(X),(X),(X),(X),(X),(X),(X),(X),(X),25.7,(X),(X),(X),(X),(X),(X),(X),(X),(X),(X),(X),23.9,(X)
0500000US19159,19159,"Ringgold County, Iowa",2078,85,1383,88,1202,96,695,71,5.7,1.7,2.7,1.6,2.2,1.7,11.7,4,5.7,1.6,3.4,1.3,3.2,1.4,11.4,3.9,16.2,3,14.3,3.5,10.3,3.2,20,5.5,11.5,2.5,10.4,3,10.2,3.4,14.2,4.4,17.5,3.5,16.3,4,17.6,4.9,18.8,7,20.3,3.3,25.7,4.8,26.2,4.8,9.4,3.4,8.7,2,10.3,2.4,11.6,2.8,5.2,3.5,8.2,1.8,10.6,2.6,12,2.9,3.5,2.4,2.8,1.7,3.5,2.2,3.8,2.5,1.6,2.4,3.3,1.8,2.8,1.5,2.8,1.6,4.3,4.8,44032,5098,52928,4440,56163,3880,28447,4844,59831,5191,65452,5355,N,N,48092,12124,29.9,(X),(X),(X),(X),(X),(X),(X),(X),(X),28.4,(X),(X),(X),(X),(X),(X),(X),(X),(X),(X),(X),32.9,(X)
0500000US19161,19161,"Sac County, Iowa",4413,120,2799,108,2396,108,1614,115,4.9,1.2,1.7,0.9,0.9,0.5,10.7,2.7,5.3,1.2,1.8,0.8,0.9,0.6,12,3.1,12.1,1.6,6.8,1.5,4.8,1.4,22.6,3.6,11.4,1.8,9,1.9,8.1,2,15.5,3.3,18,2,17.1,2.2,14.7,2.2,18.8,4.2,22.4,2.7,26.7,3.3,28.3,3.6,13.9,4.2,10.3,1.4,14.3,2,16.2,2.3,3,1.3,10.7,1.7,15.3,2.5,17.6,2.9,2.5,1.5,2.5,0.8,3.7,1.3,4.3,1.5,0.3,0.5,2.4,0.8,3.4,1.1,4,1.4,0.7,0.7,48581,2113,62521,3826,68526,2412,27235,2692,61492,2290,76134,3371,N,N,35139,3124,28.4,(X),(X),(X),(X),(X),(X),(X),(X),(X),26.7,(X),(X),(X),(X),(X),(X),(X),(X),(X),(X),(X),31,(X)
0500000US19163,19163,"Scott County, Iowa",67325,534,42573,634,32661,663,24752,739,6.2,0.6,4,0.7,1.2,0.4,11.4,1.3,5.1,0.6,2.6,0.4,1.1,0.3,10,1.3,10,0.7,5.8,0.6,3.2,0.6,17.9,1.4,11.3,0.8,8.9,0.8,5.7,0.8,15.4,1.6,13.9,0.8,11.8,1,9.7,1.1,17.6,1.5,18.2,0.9,19.9,1.1,21,1.2,14.5,1.4,13.2,0.6,16.5,0.8,19.3,1,7.1,0.9,13.7,0.7,18.6,1,23.4,1.2,4.1,0.8,4.7,0.5,6.9,0.8,8.8,1,0.9,0.4,3.7,0.4,5.1,0.5,6.6,0.7,1.2,0.4,53704,1097,71038,1676,85828,1873,31510,1110,71588,1598,86995,2049,101737,2560,42755,1870,30.1,(X),(X),(X),(X),(X),(X),(X),(X),(X),28.7,(X),(X),(X),(X),(X),(X),(X),(X),(X),(X),(X),31.4,(X)
0500000US19165,19165,"Shelby County, Iowa",5171,150,3303,173,2821,193,1868,167,6.8,1.6,2.2,1.3,1,0.6,14.9,4.4,6.6,1.7,2.8,1.4,2.6,1.5,13.8,3.9,11.4,2.1,9.3,2.7,7.3,2.2,17,4.1,10.5,1.8,8.3,1.8,6.9,1.7,14.1,3.9,15.2,2.6,12.2,2.4,12.2,2.6,20,5.5,20,2,25.5,3,25.9,3.2,10.7,3,13.4,1.9,17.4,2.5,19.4,2.8,6,2.4,11.4,1.8,15.1,2.4,16.9,2.7,2.6,1.3,2.4,0.9,3.7,1.4,4,1.5,0.3,0.3,2.4,0.9,3.4,1.3,3.8,1.4,0.6,1.1,49599,3451,63522,3079,67896,3370,26887,3062,62556,3714,75749,5233,N,N,37240,6236,31.9,(X),(X),(X),(X),(X),(X),(X),(X),(X),34.2,(X),(X),(X),(X),(X),(X),(X),(X),(X),(X),(X),27.9,(X)
0500000US19167,19167,"Sioux County, Iowa",11782,266,8871,277,7746,243,2911,273,3.8,1,2.1,0.7,1,0.5,9.9,3.2,3.9,1.1,1.5,0.9,0.5,0.2,12.2,3.2,9.3,1.9,5.9,1.6,4.4,1.2,19.1,4.8,9.5,1.5,8.4,1.7,6.4,1.5,16.2,3.5,14,1.7,12.9,1.8,11.7,1.8,16.5,3.9,24.1,2.2,25,2.4,26.4,2.5,18.7,3.7,16.4,1.7,20.4,2.2,23,2.4,3,1.8,12,1.5,14.6,1.6,16.6,1.9,4.1,2.9,3.6,0.9,4.6,1.1,5.2,1.3,0.3,0.5,3.5,0.9,4.7,1.2,5,1.2,0,0.7,59272,2432,68547,2888,74676,2905,30540,2789,71873,2924,82885,4013,88515,3943,36234,2864,26.5,(X),(X),(X),(X),(X),(X),(X),(X),(X),25.2,(X),(X),(X),(X),(X),(X),(X),(X),(X),(X),(X),28.3,(X)
0500000US19169,19169,"Story County, Iowa",35666,532,19001,447,16146,504,16665,549,10.5,1.3,2.7,0.9,1.2,0.7,20.5,2.7,5.9,0.8,2,0.7,1.2,0.6,10.6,1.7,10.8,1.2,4.9,1,3.3,0.9,17.7,2.2,9.2,0.9,5.5,0.9,4.2,0.8,13.6,1.9,12.7,1.1,10.6,1.2,9,1.3,15.3,1.9,18.5,1.3,22.4,2.1,22.5,2.3,13.1,1.7,12.5,1,18.3,1.7,19.7,1.9,5.3,1.1,12.7,1,21.5,1.7,24.6,2,2.6,0.7,4,0.8,6.7,1.2,7.8,1.5,0.8,0.5,3.3,0.5,5.5,0.9,6.4,1.1,0.6,0.3,51270,1680,78009,3096,85077,3315,25745,1876,65323,1606,90612,2876,N,N,34898,2158,23.1,(X),(X),(X),(X),(X),(X),(X),(X),(X),18.1,(X),(X),(X),(X),(X),(X),(X),(X),(X),(X),(X),28,(X)
0500000US19171,19171,"Tama County, Iowa",6815,164,4890,146,3779,148,1925,149,5.3,1.2,3.4,1.1,0.7,0.5,12.3,3.3,4.2,0.8,1.3,0.7,0.4,0.3,11.5,2.6,11.2,1.5,8.1,1.7,6.1,1.6,19.1,3.4,10.4,1.2,8.6,1.4,7.4,1.4,17,3.5,13.9,1.6,14.2,1.9,12.5,2.2,14.8,3.3,24.7,2.3,25.6,2.8,26.6,3,18,4.3,11.8,1.4,14.6,1.9,17.3,2.3,4.2,1.5,13.7,1.7,18.3,2.4,22.3,2.9,1.4,0.9,2.6,0.7,3.3,1,3.8,1.2,0.6,0.6,2.2,0.6,2.7,0.8,2.9,0.9,1.1,1,54325,1915,62451,1948,69570,4372,27519,2425,66084,2729,76125,3323,N,N,37618,3669,28.3,(X),(X),(X),(X),(X),(X),(X),(X),(X),28.3,(X),(X),(X),(X),(X),(X),(X),(X),(X),(X),(X),27.8,(X)
0500000US19173,19173,"Taylor County, Iowa",2752,76,1857,77,1550,74,895,81,7.5,1.6,6,1.8,2.3,1.2,12.6,3.5,6.7,1.4,2.4,1.2,0.9,0.6,15.1,3.8,12.5,2.2,10.8,2.8,8.6,2.7,17.9,4,11.8,2.2,10.1,2.1,9,2.2,15.8,5.6,16.6,2.6,16.6,2.7,18.5,3.2,15.3,4.3,23.1,2.3,26.5,3,29.5,3.2,14.4,3.6,10.2,1.8,12.8,2.4,14.5,2.6,4.9,2.6,9.4,1.7,12.2,2.4,13.7,2.8,3,1.3,1,0.6,1.1,0.8,1.4,0.9,0.8,1,1.1,0.6,1.5,0.8,1.7,0.9,0.2,0.5,44939,2384,52170,3977,56952,2196,26317,1503,54560,3061,62907,4337,N,N,35509,3349,30.7,(X),(X),(X),(X),(X),(X),(X),(X),(X),28.7,(X),(X),(X),(X),(X),(X),(X),(X),(X),(X),(X),34.4,(X)
0500000US19175,19175,"Union County, Iowa",5293,150,3294,160,2713,147,1999,197,5.4,1.5,2.7,1.5,0.6,0.7,11,3.6,7.1,1.8,2.4,1.4,1,0.7,15.3,4,15.5,2.9,9.5,3,7.9,3.2,27.5,6.2,12.1,2.2,9.6,2.3,6.6,2,16.5,4.7,16.2,2.6,17.7,3.1,17.3,3.6,14,4.9,20,2.5,26.5,3.5,29.4,3.8,6.8,2.5,11.3,2,13.7,2.5,16.1,3,6.2,2.3,7.7,1.7,11,2.7,13,3.2,1.7,1.1,3,1.4,4.9,2.2,5.6,2.6,0,1,1.7,0.9,2.1,1.1,2.5,1.3,1.2,1.5,44134,3202,56865,2836,64464,7414,23435,2456,55856,3739,68070,4765,N,N,33578,4862,25.4,(X),(X),(X),(X),(X),(X),(X),(X),(X),22.3,(X),(X),(X),(X),(X),(X),(X),(X),(X),(X),(X),29.3,(X)
0500000US19177,19177,"Van Buren County, Iowa",2986,109,2125,111,1810,107,861,114,6.6,1.8,3.8,1.5,1.5,1,14.5,4.4,5.1,1.4,1.6,0.9,1.1,0.9,14.8,4.4,9.4,1.9,5.6,2,4.6,2.1,19.5,4.2,13.6,2.2,12,2.9,10.2,2.8,17.2,4.4,20.7,2.9,20.6,3.4,21.1,3.6,20.2,5.5,18.7,2.7,22.6,3.7,23.5,3.8,7.7,3.1,14.1,2.7,18.4,3.6,20.8,4.2,3.7,2.2,8.1,1.7,10.9,2.3,12.4,2.8,0.7,0.8,2.6,1.6,3.6,2.3,3.7,2.5,0,2.3,1.1,0.7,0.9,0.7,1,0.8,1.7,1.7,45057,2682,56088,2397,60463,6854,25495,2198,56943,3981,65620,3997,N,N,34045,5626,29.6,(X),(X),(X),(X),(X),(X),(X),(X),(X),30.9,(X),(X),(X),(X),(X),(X),(X),(X),(X),(X),(X),26.1,(X)
0500000US19179,19179,"Wapello County, Iowa",14608,227,9462,289,7143,293,5146,317,8.4,1.6,4.8,1.4,1.5,0.6,16.9,3.6,8.1,1.5,4.6,1.5,2.1,1.1,15.3,3.3,14.6,1.7,10.8,2,9,1.7,21.6,3.2,12.1,1.5,11.5,1.8,9.1,2,14.3,2.8,15.1,1.7,17.2,2.1,16.2,2.1,12.4,2.6,19.3,1.8,21.9,2.2,24.9,2.7,12.3,2.4,11.5,1.4,14.4,2,17.9,2.4,4.4,1.6,7.9,1.3,10.7,2,14,2.6,1.9,0.9,1.5,0.5,2,0.7,2.6,0.9,0.6,0.6,1.5,0.5,2,0.7,2.7,0.9,0.4,0.4,41519,1512,51364,3904,61725,2364,22378,2635,52223,1795,61861,2679,N,N,31687,2459,30.4,(X),(X),(X),(X),(X),(X),(X),(X),(X),29.1,(X),(X),(X),(X),(X),(X),(X),(X),(X),(X),(X),30.1,(X)
0500000US19181,19181,"Warren County, Iowa",17584,287,12906,336,10316,335,4678,382,3.4,0.7,1.8,0.7,0.5,0.3,8.3,2.2,2.8,0.6,1.1,0.5,0.3,0.2,8.1,1.7,8.3,1.2,6.1,1.3,3.1,0.9,17,3.1,8.6,1.2,5.7,1,3.9,0.8,17.3,3.2,14.2,1.4,12.6,1.5,10.7,1.5,19.6,3.6,19.7,1.6,20.4,1.7,21.1,2,16.7,3.4,15.8,1.5,19.4,1.8,20.6,2,5.5,1.7,19.5,1.7,23.8,2.1,28.7,2.6,4.6,1.4,5.3,0.9,6.3,1.2,7.7,1.5,2,1.4,2.4,0.6,2.9,0.7,3.4,0.8,1,1.1,64956,2458,77860,2798,86126,2775,34701,2349,76427,1880,86018,2247,95595,2424,45592,4571,26.2,(X),(X),(X),(X),(X),(X),(X),(X),(X),25.6,(X),(X),(X),(X),(X),(X),(X),(X),(X),(X),(X),25.7,(X)
0500000US19183,19183,"Washington County, Iowa",9056,122,6059,191,5066,211,2997,233,3.9,1.2,1.7,0.7,0.9,0.6,9.6,3.2,3.7,0.9,1.7,0.7,0.9,0.5,8.5,2.4,10.1,1.7,5.8,1.5,3.7,1.1,19.1,3.9,10.3,1.5,8.7,1.8,7.8,1.7,14.7,3.7,17.2,2,13.9,2.1,12.6,2,23.1,4.8,20.8,2.1,22.6,2.8,22.6,3.1,15.6,3.2,15.9,2.2,21.7,2.7,24,3.1,4.9,2.7,14,1.7,18.6,2.5,21.6,2.9,3.5,2.1,2.6,0.8,3.5,1.2,4,1.5,0.2,0.3,1.4,0.6,1.7,0.9,1.9,1.1,0.8,0.7,55198,2305,69460,4290,76593,3106,34029,2491,66318,2797,77070,3255,N,N,41724,5882,24.8,(X),(X),(X),(X),(X),(X),(X),(X),(X),24.2,(X),(X),(X),(X),(X),(X),(X),(X),(X),(X),(X),24.5,(X)
0500000US19185,19185,"Wayne County, Iowa",2548,110,1641,92,1363,100,907,84,8.6,1.9,1.7,0.8,1.2,0.8,21.2,5.2,6.3,1.4,2,0.8,1.2,0.7,14.1,3.5,14.5,2.3,8.8,1.8,5.4,2,26.4,5.1,10.7,2.1,10.8,2.4,9.7,2.6,10.3,3.3,17.2,2.9,18.3,3.7,18.3,4.2,14.4,3.9,18,2.7,23.9,4,24,4.3,8.4,2.9,11.8,2.4,17.4,3.5,19.7,4.1,1.8,1.4,9.6,2.5,12.9,3.5,15.4,4.2,1.7,1.3,1.8,1,2.7,1.6,3.3,1.9,0,2.2,1.6,0.9,1.5,1.1,1.8,1.4,1.9,1.8,42083,2866,57804,5246,63844,4484,21035,1936,54843,2879,67051,3871,N,N,30857,4568,30.4,(X),(X),(X),(X),(X),(X),(X),(X),(X),33.9,(X),(X),(X),(X),(X),(X),(X),(X),(X),(X),(X),22.9,(X)
0500000US19187,19187,"Webster County, Iowa",15397,359,9029,329,6565,294,6368,361,8.4,1.4,5.4,1.6,0.8,0.5,13.9,2.5,8.3,1.2,3.8,1.4,1.2,0.5,14.2,2.6,13.3,1.7,8.7,1.7,5,1.2,20.6,3.3,11.8,1.4,10,1.6,8.2,1.5,15,2.5,15.4,1.4,16.1,2,14.8,2.1,14.7,2.4,19,1.9,20.4,2.4,24.2,2.7,14.6,2.9,10.2,1.2,15.1,1.9,19,2.4,3.9,1.3,9.4,1.2,14.3,2.1,18.6,2.7,2,1.2,2.1,0.5,3,0.8,4.2,1.1,0.6,0.5,2,0.5,3.1,0.9,4.1,1.3,0.5,0.4,42112,1799,55743,3059,70803,3498,25439,1339,56056,2167,70087,3161,84011,3925,34727,2997,25.1,(X),(X),(X),(X),(X),(X),(X),(X),(X),25.4,(X),(X),(X),(X),(X),(X),(X),(X),(X),(X),(X),24,(X)
0500000US19189,19189,"Winnebago County, Iowa",4584,144,3061,137,2666,143,1523,147,5.9,1.6,3.3,1.7,2.5,1.9,11.4,3.7,4.3,1.3,1,0.8,0.2,0.3,11.1,3.6,13.9,2.4,7.4,2.4,5.5,2.2,28.7,5.7,11.7,1.8,8.6,2.2,6.9,2.4,18,4,14.8,2.4,15.7,2.9,14.9,3.1,14.9,4.2,22.3,2.9,25.7,3.9,26.9,4.1,12.2,3.5,14.1,2.6,19.6,3.7,22,4.1,2.5,1.8,9.1,1.8,13.4,2.6,15.3,3,0.4,0.4,2.8,1.2,3.8,1.7,4.4,1.9,0.8,1,1,0.7,1.5,1.1,1.5,1.2,0,1.3,49208,3648,62705,4527,67821,4319,24159,3569,58608,4373,72262,6252,N,N,29741,2293,26.9,(X),(X),(X),(X),(X),(X),(X),(X),(X),26,(X),(X),(X),(X),(X),(X),(X),(X),(X),(X),(X),28.2,(X)
0500000US19191,19191,"Winneshiek County, Iowa",8141,176,5363,188,4601,208,2778,210,4,1.1,1.7,0.8,0.5,0.4,9.1,2.7,5,1,2.4,0.9,1.7,0.7,9.8,2.3,10.6,1.7,5.7,1.5,4.5,1.6,21.3,3.8,12.5,1.7,9.5,1.6,7.7,1.5,18.5,3.7,13.6,1.7,12.7,2.1,10.8,2.1,15,2.9,22.3,2.3,26.8,3,28.6,3.3,12.6,3.1,15.7,2,18.5,2.6,20.4,3,9.8,3.2,10.2,1.7,13.9,2.5,16.1,2.9,3,2.1,4.5,0.9,6.3,1.4,7.1,1.7,0.9,1.5,1.7,0.6,2.6,0.8,2.6,0.9,0,0.7,53735,2015,66320,1921,71408,3542,30583,1973,64356,2361,76627,3145,N,N,39226,3252,22.5,(X),(X),(X),(X),(X),(X),(X),(X),(X),22,(X),(X),(X),(X),(X),(X),(X),(X),(X),(X),(X),23.7,(X)
0500000US19193,19193,"Woodbury County, Iowa",38818,348,25524,464,18416,563,13294,452,7.4,0.8,4.4,0.9,1.2,0.6,14.8,2,6.2,0.8,3.3,0.8,1.2,0.5,12.6,2.1,12.2,1.1,8.5,1.2,4.9,1,20.3,2.2,13,1.1,11.1,1.1,9,1.2,17.7,2.3,14.8,1.1,14.7,1.5,13.7,1.6,14.7,1.9,20,1.4,24.2,1.9,26.2,2.3,10.4,1.5,12.4,1,15.5,1.6,19.1,1.9,5.4,1.4,9.5,1,12.7,1.3,17.1,1.7,2.1,0.7,2.8,0.5,3.7,0.8,4.9,1,0.5,0.3,1.8,0.4,2,0.5,2.7,0.7,1.5,0.8,46015,1487,57541,2060,67806,2594,26152,1465,59263,2146,69245,2841,81756,3706,36668,2498,24.3,(X),(X),(X),(X),(X),(X),(X),(X),(X),23.8,(X),(X),(X),(X),(X),(X),(X),(X),(X),(X),(X),24.3,(X)
0500000US19195,19195,"Worth County, Iowa",3194,97,2220,91,1738,86,974,107,7.6,2.2,5.5,2.5,0.9,0.8,15.6,4.9,5.6,1.5,1.7,1,0.9,1,15,4.1,8.3,2,4.5,1.8,2,1.2,18,5.4,14.3,2.5,9.9,2.3,8.6,2.1,21.1,6,14.2,2.4,13.4,2.9,12.8,3,15.1,3.8,22.4,2.6,28.9,4,30.4,4.2,11,3.9,14.8,2.1,17.8,3,22.2,3.7,4.1,2.5,8.5,2,12.5,2.9,15.9,3.6,0,2,2.5,1,3.2,1.4,3.7,1.6,0,2,1.8,1,2.5,1.5,2.5,1.5,0.1,0.2,49977,2132,61598,2971,67105,4158,25467,2435,58415,3103,70007,4052,N,N,28834,2556,24,(X),(X),(X),(X),(X),(X),(X),(X),(X),22,(X),(X),(X),(X),(X),(X),(X),(X),(X),(X),(X),28.1,(X)
0500000US19197,19197,"Wright County, Iowa",5419,158,3281,166,2782,150,2138,182,7.9,1.9,3.8,1.7,1.7,1,14.1,3.9,6.3,1.2,2.1,0.9,1.2,0.7,13.1,3,12.9,1.9,6.6,1.7,5.5,1.7,23.3,4.2,13.2,2.2,13.9,2.7,12.9,2.8,12.6,3.6,15.2,2.2,15,2.9,15.2,3.2,15.9,3.8,16.5,2.1,21.3,2.8,21.4,3.1,8.5,2.7,11.2,1.8,15.1,2.5,17.1,2.9,4.8,2.2,11.5,2.3,15.5,3.5,17.5,4,4.9,2.5,2.8,1,4,1.5,4.5,1.9,1,0.8,2.5,1,2.8,1.2,2.9,1.2,1.9,1.9,43082,3824,60470,3631,66860,4895,24857,2116,60568,3640,72523,4815,N,N,40988,5880,28.7,(X),(X),(X),(X),(X),(X),(X),(X),(X),26.7,(X),(X),(X),(X),(X),(X),(X),(X),(X),(X),(X),31.7,(X)
