<?xml version="1.0" encoding="UTF-8"?>
<metadata><idinfo><citation><citeinfo><origin>Amy Logan, ISU GIS Facility, Iowa State University</origin><pubdate>20170801</pubdate><title>Point Locations of Wind Turbines  in Iowa, 1981 - July 2017, Derived from USGS and FAA Data</title><geoform>Vector Digital Data Set (Point)</geoform></citeinfo></citation><descript><abstract>This data set was created to provide an updated record of wind turbines in Iowa. It was created by combining USGS wind turbine records and new FAA wind turbine records and cross checked with American Wind Energy data.</abstract><purpose>This data set was created to provide an updated record of wind turbines in Iowa. It should be used as a reference but the accuracy of indivdual points has not been verified.</purpose><supplinf>
    Record Type indicated if the record is a USGS record or an FAA record.

    For more information about attribute information please see USGS website: https://pubs.usgs.gov/ds/817/ or FAA website: https://www.fws.gov/southwest/es/Data/FAA/README.pdf
   </supplinf></descript><timeperd><timeinfo><rngdates><begdate>19810101</begdate><enddate>20170631</enddate></rngdates></timeinfo><current>publication date</current></timeperd><status><progress>Complete</progress><update>As needed</update></status><spdom><bounding><westbc>-96.5411624336</westbc><eastbc>-90.3161999999</eastbc><northbc>43.4986616221</northbc><southbc>40.765113889</southbc></bounding></spdom><keywords><theme><themekt>ISO 19115 Topic Category</themekt><themekey>location</themekey><themekey>utilitiesCommunication</themekey><themekey>structure</themekey><themekey>environment</themekey></theme><theme><themekt>None</themekt><themekey>Wind Turbines</themekey></theme><place><placekt>Common geographic areas</placekt><placekey>Iowa</placekey></place></keywords><accconst>None. Please see 'Distribution Info' for details.</accconst><useconst>None. Users are advised to read the data set's metadata thoroughly to understand appropriate use and data limitations.</useconst><ptcontac><cntinfo><cntorgp><cntorg>ISU GIS Facility</cntorg></cntorgp><cntaddr><addrtype>Physical</addrtype><address>218 Durham Center</address><city>Ames</city><state>IA</state><postal>50011</postal></cntaddr><cntvoice>5152940980</cntvoice></cntinfo></ptcontac><native>Environment as of Metadata Creation: Microsoft [Unknown] Version 6.2 (Build 9200) ; Esri ArcGIS 10.4.1 (Build 5696) Service Pack N/A (Build N/A)</native></idinfo><dataqual><attracc><attraccr>No formal attribute accuracy tests were conducted.</attraccr></attracc><logic>No formal logical accuracy tests were conducted.</logic><complete>Data set is considered complete for the information presented, as described in the abstract. Users are advised to read the rest of the metadata record carefully for additional details.</complete><posacc><horizpa><horizpar>A formal accuracy assessment of the horizontal positional information in the data set has not been conducted.</horizpar></horizpa><vertacc><vertaccr>A formal accuracy assessment of the vertical positional information in the data set has either not been conducted, or is not applicable.</vertaccr></vertacc></posacc><lineage><srcinfo><srccite><citeinfo><origin>Jay E. Diffendorfer, Roger Compton, Louisa Kramer, Zach Ancona, and Donna Norton</origin><pubdate>20170101</pubdate><title>USGS turbine data (Onshore Industrial Wind Turbine Locations for the US)</title><geoform>Vector Digital Data Set</geoform><pubinfo><pubplace>Reston, Virginia</pubplace><publish>USGS</publish></pubinfo><onlink>https://pubs.usgs.gov/ds/817/</onlink></citeinfo></srccite><typesrc>Digital and/or Hardcopy Resources</typesrc><srctime><timeinfo><rngdates><begdate>19810101</begdate><enddate>20130101</enddate></rngdates></timeinfo><srccurr>publication date</srccurr></srctime><srccitea>USGS Wind Turbine Data</srccitea><srccontr>Source information used in support of the development of the data set.</srccontr></srcinfo><srcinfo><srccite><citeinfo><origin>US Fish and Wildlife Service, Michael Dick - Biologist (IT)</origin><pubdate>20170701</pubdate><title>Federal Aviation Administration (FAA) Wind Turbine Location Data</title><geoform>Vector Digital Data Set</geoform><pubinfo><pubplace>Regional Officem Albuquerque, NM</pubplace><publish>USFWS</publish></pubinfo><onlink>https://www.fws.gov/southwest/es/Energy_Wind_FAA.html</onlink></citeinfo></srccite><typesrc>Digital and/or Hardcopy Resources</typesrc><srctime><timeinfo><rngdates><begdate>20120101</begdate><enddate>20170101</enddate></rngdates></timeinfo><srccurr>publication date</srccurr></srctime><srccitea>FAA</srccitea><srccontr>Source information used in support of the development of the data set.</srccontr></srcinfo><procstep><procdesc>Downloaded USGS data set.</procdesc><procdate>08012017</procdate></procstep><procstep><procdesc>Downloaded FAA dataset.</procdesc><procdate>20170801</procdate></procstep><procstep><procdesc>Merged datasets and removed overlapping points.</procdesc><procdate>20170801</procdate></procstep><procstep><procdesc>Created metadata.</procdesc><procdate>20170817</procdate></procstep></lineage></dataqual><spdoinfo><direct>Point</direct><ptvctinf><esriterm Name="Wind_Turbines_1981_2017"><efeatyp Sync="TRUE">Simple</efeatyp><efeageom code="1" Sync="TRUE"></efeageom><esritopo Sync="TRUE">FALSE</esritopo><efeacnt Sync="TRUE">4005</efeacnt><spindex Sync="TRUE">FALSE</spindex><linrefer Sync="TRUE">FALSE</linrefer></esriterm></ptvctinf></spdoinfo><spref><horizsys><geograph><latres>0.0197390832</latres><longres>0.0264881387</longres><geogunit>Decimal seconds</geogunit></geograph><geodetic><horizdn>D_North_American_1983</horizdn><ellips>GRS_1980</ellips><semiaxis>6378137.0</semiaxis><denflat>298.257222101</denflat></geodetic></horizsys></spref><eainfo><detailed Name="Wind_Turbines_1981_2017"><enttyp><enttypl>Attribute Table</enttypl><enttypd>Table containing attribute information associated with the data set.</enttypd><enttypds>Producer defined</enttypds><enttypt Sync="TRUE">Feature Class</enttypt><enttypc Sync="TRUE">4005</enttypc></enttyp><attr><attrlabl Sync="TRUE">FID</attrlabl><attalias Sync="TRUE">FID</attalias><attrtype Sync="TRUE">OID</attrtype><attwidth Sync="TRUE">4</attwidth><atprecis Sync="TRUE">0</atprecis><attscale Sync="TRUE">0</attscale><attrdef Sync="TRUE">Internal feature number.</attrdef><attrdefs Sync="TRUE">Esri</attrdefs><attrdomv><udom Sync="TRUE">Sequential unique whole numbers that are automatically generated.</udom></attrdomv></attr><attr><attrlabl Sync="TRUE">Shape</attrlabl><attalias Sync="TRUE">Shape</attalias><attrtype Sync="TRUE">Geometry</attrtype><attwidth Sync="TRUE">0</attwidth><atprecis Sync="TRUE">0</atprecis><attscale Sync="TRUE">0</attscale><attrdef Sync="TRUE">Feature geometry.</attrdef><attrdefs Sync="TRUE">Esri</attrdefs><attrdomv><udom Sync="TRUE">Coordinates defining the features.</udom></attrdomv></attr><attr><attrlabl>OBJECTID_1</attrlabl><attrdef>Internal feature number.</attrdef><attrdefs>Esri</attrdefs><attrdomv><rdom><rdommin>1</rdommin><rdommax>4005</rdommax></rdom></attrdomv><attalias Sync="TRUE">OBJECTID_1</attalias><attrtype Sync="TRUE">Integer</attrtype><attwidth Sync="TRUE">10</attwidth><atprecis Sync="TRUE">10</atprecis><attscale Sync="TRUE">0</attscale></attr><attr><attrlabl>OBJECTID_2</attrlabl><attrdef>Unknown</attrdef><attrdefs>Producer defined</attrdefs><attrdomv><rdom><rdommin>0</rdommin><rdommax>3723</rdommax></rdom></attrdomv><attalias Sync="TRUE">OBJECTID_2</attalias><attrtype Sync="TRUE">Integer</attrtype><attwidth Sync="TRUE">10</attwidth><atprecis Sync="TRUE">10</atprecis><attscale Sync="TRUE">0</attscale></attr><attr><attrlabl>ASN</attrlabl><attrdef>Unknown</attrdef><attrdefs>Producer defined</attrdefs><attrdomv><udom>Unknown</udom></attrdomv><attalias Sync="TRUE">ASN</attalias><attrtype Sync="TRUE">String</attrtype><attwidth Sync="TRUE">254</attwidth><atprecis Sync="TRUE">0</atprecis><attscale Sync="TRUE">0</attscale></attr><attr><attrlabl>LatDD</attrlabl><attrdef>Unknown</attrdef><attrdefs>Producer defined</attrdefs><attrdomv><rdom><rdommin>0</rdommin><rdommax>43.4299444444</rdommax></rdom></attrdomv><attalias Sync="TRUE">LatDD</attalias><attrtype Sync="TRUE">Double</attrtype><attwidth Sync="TRUE">19</attwidth><atprecis Sync="TRUE">0</atprecis><attscale Sync="TRUE">0</attscale></attr><attr><attrlabl>LonDD</attrlabl><attrdef>Unknown</attrdef><attrdefs>Producer defined</attrdefs><attrdomv><rdom><rdommin>-95.8577777778</rdommin><rdommax>0</rdommax></rdom></attrdomv><attalias Sync="TRUE">LonDD</attalias><attrtype Sync="TRUE">Double</attrtype><attwidth Sync="TRUE">19</attwidth><atprecis Sync="TRUE">0</atprecis><attscale Sync="TRUE">0</attscale></attr><attr><attrlabl>OBJECTID</attrlabl><attrdef>Unknown</attrdef><attrdefs>Producer defined</attrdefs><attrdomv><rdom><rdommin>0</rdommin><rdommax>0</rdommax></rdom></attrdomv><attalias Sync="TRUE">OBJECTID</attalias><attrtype Sync="TRUE">Integer</attrtype><attwidth Sync="TRUE">10</attwidth><atprecis Sync="TRUE">10</atprecis><attscale Sync="TRUE">0</attscale></attr><attr><attrlabl>InUpd</attrlabl><attrdef>Unknown</attrdef><attrdefs>Producer defined</attrdefs><attrdomv><edom><edomv>{Null Value / Empty Field Entry}</edomv><edomvd>Unknown</edomvd><edomvds>Producer defined</edomvds></edom></attrdomv><attrdomv><edom><edomv>N</edomv><edomvd>Unknown</edomvd><edomvds>Producer defined</edomvds></edom></attrdomv><attrdomv><edom><edomv>Y</edomv><edomvd>Unknown</edomvd><edomvds>Producer defined</edomvds></edom></attrdomv><attalias Sync="TRUE">InUpd</attalias><attrtype Sync="TRUE">String</attrtype><attwidth Sync="TRUE">254</attwidth><atprecis Sync="TRUE">0</atprecis><attscale Sync="TRUE">0</attscale></attr><attr><attrlabl>PASN</attrlabl><attrdef>Unknown</attrdef><attrdefs>Producer defined</attrdefs><attrdomv><udom>Unknown</udom></attrdomv><attalias Sync="TRUE">PASN</attalias><attrtype Sync="TRUE">String</attrtype><attwidth Sync="TRUE">254</attwidth><atprecis Sync="TRUE">0</atprecis><attscale Sync="TRUE">0</attscale></attr><attr><attrlabl>STATUS</attrlabl><attrdef>Unknown</attrdef><attrdefs>Producer defined</attrdefs><attrdomv><edom><edomv>{Null Value / Empty Field Entry}</edomv><edomvd>Unknown</edomvd><edomvds>Producer defined</edomvds></edom></attrdomv><attrdomv><edom><edomv>Determined</edomv><edomvd>Unknown</edomvd><edomvds>Producer defined</edomvds></edom></attrdomv><attalias Sync="TRUE">STATUS</attalias><attrtype Sync="TRUE">String</attrtype><attwidth Sync="TRUE">254</attwidth><atprecis Sync="TRUE">0</atprecis><attscale Sync="TRUE">0</attscale></attr><attr><attrlabl>DETERMINAT</attrlabl><attrdef>Unknown</attrdef><attrdefs>Producer defined</attrdefs><attrdomv><edom><edomv>{Null Value / Empty Field Entry}</edomv><edomvd>Unknown</edomvd><edomvds>Producer defined</edomvds></edom></attrdomv><attrdomv><edom><edomv>Extension</edomv><edomvd>Unknown</edomvd><edomvds>Producer defined</edomvds></edom></attrdomv><attrdomv><edom><edomv>M&amp;L</edomv><edomvd>Unknown</edomvd><edomvds>Producer defined</edomvds></edom></attrdomv><attrdomv><edom><edomv>No Hazard</edomv><edomvd>Unknown</edomvd><edomvds>Producer defined</edomvds></edom></attrdomv><attalias Sync="TRUE">DETERMINAT</attalias><attrtype Sync="TRUE">String</attrtype><attwidth Sync="TRUE">254</attwidth><atprecis Sync="TRUE">0</atprecis><attscale Sync="TRUE">0</attscale></attr><attr><attrlabl>EntDate</attrlabl><attrdef>Unknown</attrdef><attrdefs>Producer defined</attrdefs><attrdomv><rdom><rdommin>1/18/2012</rdommin><rdommax>11/17/2016</rdommax></rdom></attrdomv><attalias Sync="TRUE">EntDate</attalias><attrtype Sync="TRUE">Date</attrtype><attwidth Sync="TRUE">8</attwidth><atprecis Sync="TRUE">0</atprecis><attscale Sync="TRUE">0</attscale></attr><attr><attrlabl>RecDate</attrlabl><attrdef>Unknown</attrdef><attrdefs>Producer defined</attrdefs><attrdomv><rdom><rdommin>1/18/2012</rdommin><rdommax>11/17/2016</rdommax></rdom></attrdomv><attalias Sync="TRUE">RecDate</attalias><attrtype Sync="TRUE">Date</attrtype><attwidth Sync="TRUE">8</attwidth><atprecis Sync="TRUE">0</atprecis><attscale Sync="TRUE">0</attscale></attr><attr><attrlabl>CompDate</attrlabl><attrdef>Unknown</attrdef><attrdefs>Producer defined</attrdefs><attrdomv><rdom><rdommin>1/26/2012</rdommin><rdommax>1/26/2017</rdommax></rdom></attrdomv><attalias Sync="TRUE">CompDate</attalias><attrtype Sync="TRUE">Date</attrtype><attwidth Sync="TRUE">8</attwidth><atprecis Sync="TRUE">0</atprecis><attscale Sync="TRUE">0</attscale></attr><attr><attrlabl>ExpDate</attrlabl><attrdef>Unknown</attrdef><attrdefs>Producer defined</attrdefs><attrdomv><rdom><rdommin>1/22/2015</rdommin><rdommax>7/19/2018</rdommax></rdom></attrdomv><attalias Sync="TRUE">ExpDate</attalias><attrtype Sync="TRUE">Date</attrtype><attwidth Sync="TRUE">8</attwidth><atprecis Sync="TRUE">0</atprecis><attscale Sync="TRUE">0</attscale></attr><attr><attrlabl>LATITUDE</attrlabl><attrdef>Unknown</attrdef><attrdefs>Producer defined</attrdefs><attrdomv><udom>Unknown</udom></attrdomv><attalias Sync="TRUE">LATITUDE</attalias><attrtype Sync="TRUE">String</attrtype><attwidth Sync="TRUE">254</attwidth><atprecis Sync="TRUE">0</atprecis><attscale Sync="TRUE">0</attscale></attr><attr><attrlabl>LONGITUTDE</attrlabl><attrdef>Unknown</attrdef><attrdefs>Producer defined</attrdefs><attrdomv><udom>Unknown</udom></attrdomv><attalias Sync="TRUE">LONGITUTDE</attalias><attrtype Sync="TRUE">String</attrtype><attwidth Sync="TRUE">254</attwidth><atprecis Sync="TRUE">0</atprecis><attscale Sync="TRUE">0</attscale></attr><attr><attrlabl>DATUM</attrlabl><attrdef>Unknown</attrdef><attrdefs>Producer defined</attrdefs><attrdomv><edom><edomv>{Null Value / Empty Field Entry}</edomv><edomvd>Unknown</edomvd><edomvds>Producer defined</edomvds></edom></attrdomv><attrdomv><edom><edomv>NAD 83</edomv><edomvd>Unknown</edomvd><edomvds>Producer defined</edomvds></edom></attrdomv><attalias Sync="TRUE">DATUM</attalias><attrtype Sync="TRUE">String</attrtype><attwidth Sync="TRUE">254</attwidth><atprecis Sync="TRUE">0</atprecis><attscale Sync="TRUE">0</attscale></attr><attr><attrlabl>SurvAccy</attrlabl><attrdef>Unknown</attrdef><attrdefs>Producer defined</attrdefs><attrdomv><edom><edomv>{Null Value / Empty Field Entry}</edomv><edomvd>Unknown</edomvd><edomvds>Producer defined</edomvds></edom></attrdomv><attrdomv><edom><edomv>2C</edomv><edomvd>Unknown</edomvd><edomvds>Producer defined</edomvds></edom></attrdomv><attrdomv><edom><edomv>4D</edomv><edomvd>Unknown</edomvd><edomvds>Producer defined</edomvds></edom></attrdomv><attalias Sync="TRUE">SurvAccy</attalias><attrtype Sync="TRUE">String</attrtype><attwidth Sync="TRUE">254</attwidth><atprecis Sync="TRUE">0</atprecis><attscale Sync="TRUE">0</attscale></attr><attr><attrlabl>MLtype</attrlabl><attrdef>Unknown</attrdef><attrdefs>Producer defined</attrdefs><attrdomv><edom><edomv>{Null Value / Empty Field Entry}</edomv><edomvd>Unknown</edomvd><edomvds>Producer defined</edomvds></edom></attrdomv><attrdomv><edom><edomv>Dual-red and medium intensity</edomv><edomvd>Unknown</edomvd><edomvds>Producer defined</edomvds></edom></attrdomv><attrdomv><edom><edomv>None</edomv><edomvd>Unknown</edomvd><edomvds>Producer defined</edomvds></edom></attrdomv><attrdomv><edom><edomv>Red lights and paint</edomv><edomvd>Unknown</edomvd><edomvds>Producer defined</edomvds></edom></attrdomv><attrdomv><edom><edomv>White Paint Only</edomv><edomvd>Unknown</edomvd><edomvds>Producer defined</edomvds></edom></attrdomv><attrdomv><edom><edomv>White Paint/Synchronized Red Lights</edomv><edomvd>Unknown</edomvd><edomvds>Producer defined</edomvds></edom></attrdomv><attalias Sync="TRUE">MLtype</attalias><attrtype Sync="TRUE">String</attrtype><attwidth Sync="TRUE">254</attwidth><atprecis Sync="TRUE">0</atprecis><attscale Sync="TRUE">0</attscale></attr><attr><attrlabl>MLtype2</attrlabl><attrdef>Unknown</attrdef><attrdefs>Producer defined</attrdefs><attrdomv><edom><edomv>{Null Value / Empty Field Entry}</edomv><edomvd>Unknown</edomvd><edomvds>Producer defined</edomvds></edom></attrdomv><attalias Sync="TRUE">MLtype2</attalias><attrtype Sync="TRUE">String</attrtype><attwidth Sync="TRUE">254</attwidth><atprecis Sync="TRUE">0</atprecis><attscale Sync="TRUE">0</attscale></attr><attr><attrlabl>StrName</attrlabl><attrdef>Unknown</attrdef><attrdefs>Producer defined</attrdefs><attrdomv><udom>Unknown</udom></attrdomv><attalias Sync="TRUE">StrName</attalias><attrtype Sync="TRUE">String</attrtype><attwidth Sync="TRUE">254</attwidth><atprecis Sync="TRUE">0</atprecis><attscale Sync="TRUE">0</attscale></attr><attr><attrlabl>StrCity</attrlabl><attrdef>Unknown</attrdef><attrdefs>Producer defined</attrdefs><attrdomv><udom>Unknown</udom></attrdomv><attalias Sync="TRUE">StrCity</attalias><attrtype Sync="TRUE">String</attrtype><attwidth Sync="TRUE">254</attwidth><atprecis Sync="TRUE">0</atprecis><attscale Sync="TRUE">0</attscale></attr><attr><attrlabl>StrST</attrlabl><attrdef>Unknown</attrdef><attrdefs>Producer defined</attrdefs><attrdomv><edom><edomv>{Null Value / Empty Field Entry}</edomv><edomvd>Unknown</edomvd><edomvds>Producer defined</edomvds></edom></attrdomv><attrdomv><edom><edomv>IA</edomv><edomvd>Unknown</edomvd><edomvds>Producer defined</edomvds></edom></attrdomv><attalias Sync="TRUE">StrST</attalias><attrtype Sync="TRUE">String</attrtype><attwidth Sync="TRUE">254</attwidth><atprecis Sync="TRUE">0</atprecis><attscale Sync="TRUE">0</attscale></attr><attr><attrlabl>NrAirprt</attrlabl><attrdef>Unknown</attrdef><attrdefs>Producer defined</attrdefs><attrdomv><udom>Unknown</udom></attrdomv><attalias Sync="TRUE">NrAirprt</attalias><attrtype Sync="TRUE">String</attrtype><attwidth Sync="TRUE">254</attwidth><atprecis Sync="TRUE">0</atprecis><attscale Sync="TRUE">0</attscale></attr><attr><attrlabl>Dist2Airpr</attrlabl><attrdef>Unknown</attrdef><attrdefs>Producer defined</attrdefs><attrdomv><udom>Unknown</udom></attrdomv><attalias Sync="TRUE">Dist2Airpr</attalias><attrtype Sync="TRUE">String</attrtype><attwidth Sync="TRUE">254</attwidth><atprecis Sync="TRUE">0</atprecis><attscale Sync="TRUE">0</attscale></attr><attr><attrlabl>Dir2Airprt</attrlabl><attrdef>Unknown</attrdef><attrdefs>Producer defined</attrdefs><attrdomv><udom>Unknown</udom></attrdomv><attalias Sync="TRUE">Dir2Airprt</attalias><attrtype Sync="TRUE">String</attrtype><attwidth Sync="TRUE">254</attwidth><atprecis Sync="TRUE">0</atprecis><attscale Sync="TRUE">0</attscale></attr><attr><attrlabl>OnAirprt</attrlabl><attrdef>Unknown</attrdef><attrdefs>Producer defined</attrdefs><attrdomv><edom><edomv>{Null Value / Empty Field Entry}</edomv><edomvd>Unknown</edomvd><edomvds>Producer defined</edomvds></edom></attrdomv><attalias Sync="TRUE">OnAirprt</attalias><attrtype Sync="TRUE">String</attrtype><attwidth Sync="TRUE">254</attwidth><atprecis Sync="TRUE">0</atprecis><attscale Sync="TRUE">0</attscale></attr><attr><attrlabl>PropDes</attrlabl><attrdef>Unknown</attrdef><attrdefs>Producer defined</attrdefs><attrdomv><udom>Unknown</udom></attrdomv><attalias Sync="TRUE">PropDes</attalias><attrtype Sync="TRUE">String</attrtype><attwidth Sync="TRUE">254</attwidth><atprecis Sync="TRUE">0</atprecis><attscale Sync="TRUE">0</attscale></attr><attr><attrlabl>LocDes</attrlabl><attrdef>Unknown</attrdef><attrdefs>Producer defined</attrdefs><attrdomv><udom>Unknown</udom></attrdomv><attalias Sync="TRUE">LocDes</attalias><attrtype Sync="TRUE">String</attrtype><attwidth Sync="TRUE">254</attwidth><atprecis Sync="TRUE">0</atprecis><attscale Sync="TRUE">0</attscale></attr><attr><attrlabl>NoticeOf</attrlabl><attrdef>Unknown</attrdef><attrdefs>Producer defined</attrdefs><attrdomv><edom><edomv>{Null Value / Empty Field Entry}</edomv><edomvd>Unknown</edomvd><edomvds>Producer defined</edomvds></edom></attrdomv><attrdomv><edom><edomv>Construction</edomv><edomvd>Unknown</edomvd><edomvds>Producer defined</edomvds></edom></attrdomv><attrdomv><edom><edomv>Existing</edomv><edomvd>Unknown</edomvd><edomvds>Producer defined</edomvds></edom></attrdomv><attalias Sync="TRUE">NoticeOf</attalias><attrtype Sync="TRUE">String</attrtype><attwidth Sync="TRUE">254</attwidth><atprecis Sync="TRUE">0</atprecis><attscale Sync="TRUE">0</attscale></attr><attr><attrlabl>Duration</attrlabl><attrdef>Unknown</attrdef><attrdefs>Producer defined</attrdefs><attrdomv><edom><edomv>{Null Value / Empty Field Entry}</edomv><edomvd>Unknown</edomvd><edomvds>Producer defined</edomvds></edom></attrdomv><attrdomv><edom><edomv>Permanent</edomv><edomvd>Unknown</edomvd><edomvds>Producer defined</edomvds></edom></attrdomv><attalias Sync="TRUE">Duration</attalias><attrtype Sync="TRUE">String</attrtype><attwidth Sync="TRUE">254</attwidth><atprecis Sync="TRUE">0</atprecis><attscale Sync="TRUE">0</attscale></attr><attr><attrlabl>DurDays</attrlabl><attrdef>Unknown</attrdef><attrdefs>Producer defined</attrdefs><attrdomv><edom><edomv>{Null Value / Empty Field Entry}</edomv><edomvd>Unknown</edomvd><edomvds>Producer defined</edomvds></edom></attrdomv><attalias Sync="TRUE">DurDays</attalias><attrtype Sync="TRUE">String</attrtype><attwidth Sync="TRUE">254</attwidth><atprecis Sync="TRUE">0</atprecis><attscale Sync="TRUE">0</attscale></attr><attr><attrlabl>DurMnths</attrlabl><attrdef>Unknown</attrdef><attrdefs>Producer defined</attrdefs><attrdomv><edom><edomv>{Null Value / Empty Field Entry}</edomv><edomvd>Unknown</edomvd><edomvds>Producer defined</edomvds></edom></attrdomv><attalias Sync="TRUE">DurMnths</attalias><attrtype Sync="TRUE">String</attrtype><attwidth Sync="TRUE">254</attwidth><atprecis Sync="TRUE">0</atprecis><attscale Sync="TRUE">0</attscale></attr><attr><attrlabl>WsBegDt</attrlabl><attrdef>Unknown</attrdef><attrdefs>Producer defined</attrdefs><attrdomv><rdom><rdommin>4/1/2012</rdommin><rdommax>12/1/2016</rdommax></rdom></attrdomv><attalias Sync="TRUE">WsBegDt</attalias><attrtype Sync="TRUE">Date</attrtype><attwidth Sync="TRUE">8</attwidth><atprecis Sync="TRUE">0</atprecis><attscale Sync="TRUE">0</attscale></attr><attr><attrlabl>WsEndDt</attrlabl><attrdef>Unknown</attrdef><attrdefs>Producer defined</attrdefs><attrdomv><rdom><rdommin>12/31/2012</rdommin><rdommax>1/31/2017</rdommax></rdom></attrdomv><attalias Sync="TRUE">WsEndDt</attalias><attrtype Sync="TRUE">Date</attrtype><attwidth Sync="TRUE">8</attwidth><atprecis Sync="TRUE">0</atprecis><attscale Sync="TRUE">0</attscale></attr><attr><attrlabl>DtBuilt</attrlabl><attrdef>Unknown</attrdef><attrdefs>Producer defined</attrdefs><attrdomv><rdom><rdommin>10/18/2013</rdommin><rdommax>1/13/2017</rdommax></rdom></attrdomv><attalias Sync="TRUE">DtBuilt</attalias><attrtype Sync="TRUE">Date</attrtype><attwidth Sync="TRUE">8</attwidth><atprecis Sync="TRUE">0</atprecis><attscale Sync="TRUE">0</attscale></attr><attr><attrlabl>FCCnum</attrlabl><attrdef>Unknown</attrdef><attrdefs>Producer defined</attrdefs><attrdomv><edom><edomv>{Null Value / Empty Field Entry}</edomv><edomvd>Unknown</edomvd><edomvds>Producer defined</edomvds></edom></attrdomv><attalias Sync="TRUE">FCCnum</attalias><attrtype Sync="TRUE">String</attrtype><attwidth Sync="TRUE">254</attwidth><atprecis Sync="TRUE">0</atprecis><attscale Sync="TRUE">0</attscale></attr><attr><attrlabl>NACGnum</attrlabl><attrdef>Unknown</attrdef><attrdefs>Producer defined</attrdefs><attrdomv><edom><edomv>{Null Value / Empty Field Entry}</edomv><edomvd>Unknown</edomvd><edomvds>Producer defined</edomvds></edom></attrdomv><attalias Sync="TRUE">NACGnum</attalias><attrtype Sync="TRUE">String</attrtype><attwidth Sync="TRUE">254</attwidth><atprecis Sync="TRUE">0</atprecis><attscale Sync="TRUE">0</attscale></attr><attr><attrlabl>StrType</attrlabl><attrdef>Unknown</attrdef><attrdefs>Producer defined</attrdefs><attrdomv><edom><edomv>{Null Value / Empty Field Entry}</edomv><edomvd>Unknown</edomvd><edomvds>Producer defined</edomvds></edom></attrdomv><attrdomv><edom><edomv>Lighting Study for Wind Turbine</edomv><edomvd>Unknown</edomvd><edomvds>Producer defined</edomvds></edom></attrdomv><attrdomv><edom><edomv>Met Tower</edomv><edomvd>Unknown</edomvd><edomvds>Producer defined</edomvds></edom></attrdomv><attrdomv><edom><edomv>Wind Turbine</edomv><edomvd>Unknown</edomvd><edomvds>Producer defined</edomvds></edom></attrdomv><attalias Sync="TRUE">StrType</attalias><attrtype Sync="TRUE">String</attrtype><attwidth Sync="TRUE">254</attwidth><atprecis Sync="TRUE">0</atprecis><attscale Sync="TRUE">0</attscale></attr><attr><attrlabl>StrType2</attrlabl><attrdef>Unknown</attrdef><attrdefs>Producer defined</attrdefs><attrdomv><edom><edomv>{Null Value / Empty Field Entry}</edomv><edomvd>Unknown</edomvd><edomvds>Producer defined</edomvds></edom></attrdomv><attalias Sync="TRUE">StrType2</attalias><attrtype Sync="TRUE">String</attrtype><attwidth Sync="TRUE">254</attwidth><atprecis Sync="TRUE">0</atprecis><attscale Sync="TRUE">0</attscale></attr><attr><attrlabl>AglDet</attrlabl><attrdef>Unknown</attrdef><attrdefs>Producer defined</attrdefs><attrdomv><edom><edomv>{Null Value / Empty Field Entry}</edomv><edomvd>Unknown</edomvd><edomvds>Producer defined</edomvds></edom></attrdomv><attrdomv><edom><edomv>105</edomv><edomvd>Unknown</edomvd><edomvds>Producer defined</edomvds></edom></attrdomv><attrdomv><edom><edomv>122</edomv><edomvd>Unknown</edomvd><edomvds>Producer defined</edomvds></edom></attrdomv><attrdomv><edom><edomv>263</edomv><edomvd>Unknown</edomvd><edomvds>Producer defined</edomvds></edom></attrdomv><attrdomv><edom><edomv>270</edomv><edomvd>Unknown</edomvd><edomvds>Producer defined</edomvds></edom></attrdomv><attrdomv><edom><edomv>272</edomv><edomvd>Unknown</edomvd><edomvds>Producer defined</edomvds></edom></attrdomv><attrdomv><edom><edomv>420</edomv><edomvd>Unknown</edomvd><edomvds>Producer defined</edomvds></edom></attrdomv><attrdomv><edom><edomv>430</edomv><edomvd>Unknown</edomvd><edomvds>Producer defined</edomvds></edom></attrdomv><attrdomv><edom><edomv>441</edomv><edomvd>Unknown</edomvd><edomvds>Producer defined</edomvds></edom></attrdomv><attrdomv><edom><edomv>443</edomv><edomvd>Unknown</edomvd><edomvds>Producer defined</edomvds></edom></attrdomv><attrdomv><edom><edomv>445</edomv><edomvd>Unknown</edomvd><edomvds>Producer defined</edomvds></edom></attrdomv><attrdomv><edom><edomv>453</edomv><edomvd>Unknown</edomvd><edomvds>Producer defined</edomvds></edom></attrdomv><attrdomv><edom><edomv>454</edomv><edomvd>Unknown</edomvd><edomvds>Producer defined</edomvds></edom></attrdomv><attrdomv><edom><edomv>477</edomv><edomvd>Unknown</edomvd><edomvds>Producer defined</edomvds></edom></attrdomv><attrdomv><edom><edomv>492</edomv><edomvd>Unknown</edomvd><edomvds>Producer defined</edomvds></edom></attrdomv><attrdomv><edom><edomv>493</edomv><edomvd>Unknown</edomvd><edomvds>Producer defined</edomvds></edom></attrdomv><attrdomv><edom><edomv>497</edomv><edomvd>Unknown</edomvd><edomvds>Producer defined</edomvds></edom></attrdomv><attrdomv><edom><edomv>557</edomv><edomvd>Unknown</edomvd><edomvds>Producer defined</edomvds></edom></attrdomv><attrdomv><edom><edomv>80</edomv><edomvd>Unknown</edomvd><edomvds>Producer defined</edomvds></edom></attrdomv><attrdomv><edom><edomv>92</edomv><edomvd>Unknown</edomvd><edomvds>Producer defined</edomvds></edom></attrdomv><attalias Sync="TRUE">AglDet</attalias><attrtype Sync="TRUE">String</attrtype><attwidth Sync="TRUE">254</attwidth><atprecis Sync="TRUE">0</atprecis><attscale Sync="TRUE">0</attscale></attr><attr><attrlabl>AglDne</attrlabl><attrdef>Unknown</attrdef><attrdefs>Producer defined</attrdefs><attrdomv><rdom><rdommin>0</rdommin><rdommax>499</rdommax></rdom></attrdomv><attalias Sync="TRUE">AglDne</attalias><attrtype Sync="TRUE">Double</attrtype><attwidth Sync="TRUE">19</attwidth><atprecis Sync="TRUE">0</atprecis><attscale Sync="TRUE">0</attscale></attr><attr><attrlabl>AglProp</attrlabl><attrdef>Unknown</attrdef><attrdefs>Producer defined</attrdefs><attrdomv><rdom><rdommin>0</rdommin><rdommax>557</rdommax></rdom></attrdomv><attalias Sync="TRUE">AglProp</attalias><attrtype Sync="TRUE">Double</attrtype><attwidth Sync="TRUE">19</attwidth><atprecis Sync="TRUE">0</atprecis><attscale Sync="TRUE">0</attscale></attr><attr><attrlabl>Elev</attrlabl><attrdef>Unknown</attrdef><attrdefs>Producer defined</attrdefs><attrdomv><rdom><rdommin>0</rdommin><rdommax>1572</rdommax></rdom></attrdomv><attalias Sync="TRUE">Elev</attalias><attrtype Sync="TRUE">Double</attrtype><attwidth Sync="TRUE">19</attwidth><atprecis Sync="TRUE">0</atprecis><attscale Sync="TRUE">0</attscale></attr><attr><attrlabl>AmslDet</attrlabl><attrdef>Unknown</attrdef><attrdefs>Producer defined</attrdefs><attrdomv><udom>Unknown</udom></attrdomv><attalias Sync="TRUE">AmslDet</attalias><attrtype Sync="TRUE">String</attrtype><attwidth Sync="TRUE">254</attwidth><atprecis Sync="TRUE">0</atprecis><attscale Sync="TRUE">0</attscale></attr><attr><attrlabl>AmslDne</attrlabl><attrdef>Unknown</attrdef><attrdefs>Producer defined</attrdefs><attrdomv><rdom><rdommin>0</rdommin><rdommax>1823</rdommax></rdom></attrdomv><attalias Sync="TRUE">AmslDne</attalias><attrtype Sync="TRUE">Double</attrtype><attwidth Sync="TRUE">19</attwidth><atprecis Sync="TRUE">0</atprecis><attscale Sync="TRUE">0</attscale></attr><attr><attrlabl>AmslProp</attrlabl><attrdef>Unknown</attrdef><attrdefs>Producer defined</attrdefs><attrdomv><rdom><rdommin>0</rdommin><rdommax>2013</rdommax></rdom></attrdomv><attalias Sync="TRUE">AmslProp</attalias><attrtype Sync="TRUE">Double</attrtype><attwidth Sync="TRUE">19</attwidth><atprecis Sync="TRUE">0</atprecis><attscale Sync="TRUE">0</attscale></attr><attr><attrlabl>RepAttn</attrlabl><attrdef>Unknown</attrdef><attrdefs>Producer defined</attrdefs><attrdomv><edom><edomv>{Null Value / Empty Field Entry}</edomv><edomvd>Unknown</edomvd><edomvds>Producer defined</edomvds></edom></attrdomv><attrdomv><edom><edomv>Adam Jablonski</edomv><edomvd>Unknown</edomvd><edomvds>Producer defined</edomvds></edom></attrdomv><attrdomv><edom><edomv>Andrea Yeoman</edomv><edomvd>Unknown</edomvd><edomvds>Producer defined</edomvds></edom></attrdomv><attrdomv><edom><edomv>Arne Nielsen</edomv><edomvd>Unknown</edomvd><edomvds>Producer defined</edomvds></edom></attrdomv><attrdomv><edom><edomv>Brian Healer</edomv><edomvd>Unknown</edomvd><edomvds>Producer defined</edomvds></edom></attrdomv><attrdomv><edom><edomv>Carl Moczydlowsky</edomv><edomvd>Unknown</edomvd><edomvds>Producer defined</edomvds></edom></attrdomv><attrdomv><edom><edomv>Delaine Hiney</edomv><edomvd>Unknown</edomvd><edomvds>Producer defined</edomvds></edom></attrdomv><attrdomv><edom><edomv>Kaitlyn Weiser</edomv><edomvd>Unknown</edomvd><edomvds>Producer defined</edomvds></edom></attrdomv><attrdomv><edom><edomv>Kyle Anibas</edomv><edomvd>Unknown</edomvd><edomvds>Producer defined</edomvds></edom></attrdomv><attrdomv><edom><edomv>Kyle Hueser</edomv><edomvd>Unknown</edomvd><edomvds>Producer defined</edomvds></edom></attrdomv><attrdomv><edom><edomv>Tessa Haugen</edomv><edomvd>Unknown</edomvd><edomvds>Producer defined</edomvds></edom></attrdomv><attrdomv><edom><edomv>Thomas Wind</edomv><edomvd>Unknown</edomvd><edomvds>Producer defined</edomvds></edom></attrdomv><attrdomv><edom><edomv>Todd Nelson</edomv><edomvd>Unknown</edomvd><edomvds>Producer defined</edomvds></edom></attrdomv><attrdomv><edom><edomv>Will Douglas</edomv><edomvd>Unknown</edomvd><edomvds>Producer defined</edomvds></edom></attrdomv><attalias Sync="TRUE">RepAttn</attalias><attrtype Sync="TRUE">String</attrtype><attwidth Sync="TRUE">254</attwidth><atprecis Sync="TRUE">0</atprecis><attscale Sync="TRUE">0</attscale></attr><attr><attrlabl>RepCity</attrlabl><attrdef>Unknown</attrdef><attrdefs>Producer defined</attrdefs><attrdomv><edom><edomv>{Null Value / Empty Field Entry}</edomv><edomvd>Unknown</edomvd><edomvds>Producer defined</edomvds></edom></attrdomv><attrdomv><edom><edomv>Broomfield</edomv><edomvd>Unknown</edomvd><edomvds>Producer defined</edomvds></edom></attrdomv><attrdomv><edom><edomv>Council Bluffs</edomv><edomvd>Unknown</edomvd><edomvds>Producer defined</edomvds></edom></attrdomv><attrdomv><edom><edomv>De Soto</edomv><edomvd>Unknown</edomvd><edomvds>Producer defined</edomvds></edom></attrdomv><attrdomv><edom><edomv>Des Moines</edomv><edomvd>Unknown</edomvd><edomvds>Producer defined</edomvds></edom></attrdomv><attrdomv><edom><edomv>Estherville</edomv><edomvd>Unknown</edomvd><edomvds>Producer defined</edomvds></edom></attrdomv><attrdomv><edom><edomv>Jamaica</edomv><edomvd>Unknown</edomvd><edomvds>Producer defined</edomvds></edom></attrdomv><attrdomv><edom><edomv>Overland Park</edomv><edomvd>Unknown</edomvd><edomvds>Producer defined</edomvds></edom></attrdomv><attrdomv><edom><edomv>San Diego</edomv><edomvd>Unknown</edomvd><edomvds>Producer defined</edomvds></edom></attrdomv><attrdomv><edom><edomv>Sioux City</edomv><edomvd>Unknown</edomvd><edomvds>Producer defined</edomvds></edom></attrdomv><attrdomv><edom><edomv>staples</edomv><edomvd>Unknown</edomvd><edomvds>Producer defined</edomvds></edom></attrdomv><attrdomv><edom><edomv>Washington DC</edomv><edomvd>Unknown</edomvd><edomvds>Producer defined</edomvds></edom></attrdomv><attalias Sync="TRUE">RepCity</attalias><attrtype Sync="TRUE">String</attrtype><attwidth Sync="TRUE">254</attwidth><atprecis Sync="TRUE">0</atprecis><attscale Sync="TRUE">0</attscale></attr><attr><attrlabl>RepCntry</attrlabl><attrdef>Unknown</attrdef><attrdefs>Producer defined</attrdefs><attrdomv><edom><edomv>{Null Value / Empty Field Entry}</edomv><edomvd>Unknown</edomvd><edomvds>Producer defined</edomvds></edom></attrdomv><attrdomv><edom><edomv>US</edomv><edomvd>Unknown</edomvd><edomvds>Producer defined</edomvds></edom></attrdomv><attalias Sync="TRUE">RepCntry</attalias><attrtype Sync="TRUE">String</attrtype><attwidth Sync="TRUE">254</attwidth><atprecis Sync="TRUE">0</atprecis><attscale Sync="TRUE">0</attscale></attr><attr><attrlabl>RepEmail</attrlabl><attrdef>Unknown</attrdef><attrdefs>Producer defined</attrdefs><attrdomv><edom><edomv>{Null Value / Empty Field Entry}</edomv><edomvd>Unknown</edomvd><edomvds>Producer defined</edomvds></edom></attrdomv><attrdomv><edom><edomv>anielsen@rpmaccess.com</edomv><edomvd>Unknown</edomvd><edomvds>Producer defined</edomvds></edom></attrdomv><attrdomv><edom><edomv>anjablonski@midamerican.com</edomv><edomvd>Unknown</edomvd><edomvds>Producer defined</edomvds></edom></attrdomv><attrdomv><edom><edomv>ayeoman@snyder-associates.com</edomv><edomvd>Unknown</edomvd><edomvds>Producer defined</edomvds></edom></attrdomv><attrdomv><edom><edomv>Brian.Healer@res-americas.com</edomv><edomvd>Unknown</edomvd><edomvds>Producer defined</edomvds></edom></attrdomv><attrdomv><edom><edomv>dhiney@iowalakes.edu</edomv><edomvd>Unknown</edomvd><edomvds>Producer defined</edomvds></edom></attrdomv><attrdomv><edom><edomv>gis.rag@edf-re.com</edomv><edomvd>Unknown</edomvd><edomvds>Producer defined</edomvds></edom></attrdomv><attrdomv><edom><edomv>kweiser@optimumrenewables.com</edomv><edomvd>Unknown</edomvd><edomvds>Producer defined</edomvds></edom></attrdomv><attrdomv><edom><edomv>kyle.anibas@edpr.com</edomv><edomvd>Unknown</edomvd><edomvds>Producer defined</edomvds></edom></attrdomv><attrdomv><edom><edomv>kyle.hueser@witcc.edu</edomv><edomvd>Unknown</edomvd><edomvds>Producer defined</edomvds></edom></attrdomv><attrdomv><edom><edomv>thaugen@rnemn.com</edomv><edomvd>Unknown</edomvd><edomvds>Producer defined</edomvds></edom></attrdomv><attrdomv><edom><edomv>toddnelson1@cox.net</edomv><edomvd>Unknown</edomvd><edomvds>Producer defined</edomvds></edom></attrdomv><attrdomv><edom><edomv>tomwind@windconsulting.com</edomv><edomvd>Unknown</edomvd><edomvds>Producer defined</edomvds></edom></attrdomv><attrdomv><edom><edomv>w.douglas@buildingenergy.it</edomv><edomvd>Unknown</edomvd><edomvds>Producer defined</edomvds></edom></attrdomv><attalias Sync="TRUE">RepEmail</attalias><attrtype Sync="TRUE">String</attrtype><attwidth Sync="TRUE">254</attwidth><atprecis Sync="TRUE">0</atprecis><attscale Sync="TRUE">0</attscale></attr><attr><attrlabl>RepName</attrlabl><attrdef>Unknown</attrdef><attrdefs>Producer defined</attrdefs><attrdomv><edom><edomv>{Null Value / Empty Field Entry}</edomv><edomvd>Unknown</edomvd><edomvds>Producer defined</edomvds></edom></attrdomv><attrdomv><edom><edomv>Building Energy Holdings</edomv><edomvd>Unknown</edomvd><edomvds>Producer defined</edomvds></edom></attrdomv><attrdomv><edom><edomv>EDF Renewable Energy</edomv><edomvd>Unknown</edomvd><edomvds>Producer defined</edomvds></edom></attrdomv><attrdomv><edom><edomv>EDP Renewables</edomv><edomvd>Unknown</edomvd><edomvds>Producer defined</edomvds></edom></attrdomv><attrdomv><edom><edomv>Energy Grid Solutions</edomv><edomvd>Unknown</edomvd><edomvds>Producer defined</edomvds></edom></attrdomv><attrdomv><edom><edomv>Haugen Services LLC</edomv><edomvd>Unknown</edomvd><edomvds>Producer defined</edomvds></edom></attrdomv><attrdomv><edom><edomv>Iowa Lakes Community College</edomv><edomvd>Unknown</edomvd><edomvds>Producer defined</edomvds></edom></attrdomv><attrdomv><edom><edomv>MidAmerican Energy</edomv><edomvd>Unknown</edomvd><edomvds>Producer defined</edomvds></edom></attrdomv><attrdomv><edom><edomv>Optimum Renewables LLC</edomv><edomvd>Unknown</edomvd><edomvds>Producer defined</edomvds></edom></attrdomv><attrdomv><edom><edomv>Renewable Energy Systems</edomv><edomvd>Unknown</edomvd><edomvds>Producer defined</edomvds></edom></attrdomv><attrdomv><edom><edomv>RPMA Iowa Wind Development LLC</edomv><edomvd>Unknown</edomvd><edomvds>Producer defined</edomvds></edom></attrdomv><attrdomv><edom><edomv>Snyder &amp; Associates, Inc.</edomv><edomvd>Unknown</edomvd><edomvds>Producer defined</edomvds></edom></attrdomv><attrdomv><edom><edomv>Western IA Tech Community College</edomv><edomvd>Unknown</edomvd><edomvds>Producer defined</edomvds></edom></attrdomv><attrdomv><edom><edomv>Wind Utility Consulting, PC</edomv><edomvd>Unknown</edomvd><edomvds>Producer defined</edomvds></edom></attrdomv><attalias Sync="TRUE">RepName</attalias><attrtype Sync="TRUE">String</attrtype><attwidth Sync="TRUE">254</attwidth><atprecis Sync="TRUE">0</atprecis><attscale Sync="TRUE">0</attscale></attr><attr><attrlabl>RepFax</attrlabl><attrdef>Unknown</attrdef><attrdefs>Producer defined</attrdefs><attrdomv><edom><edomv>{Null Value / Empty Field Entry}</edomv><edomvd>Unknown</edomvd><edomvds>Producer defined</edomvds></edom></attrdomv><attrdomv><edom><edomv>000-000-0000</edomv><edomvd>Unknown</edomvd><edomvds>Producer defined</edomvds></edom></attrdomv><attrdomv><edom><edomv>218-894-1531</edomv><edomvd>Unknown</edomvd><edomvds>Producer defined</edomvds></edom></attrdomv><attrdomv><edom><edomv>712-274-6428</edomv><edomvd>Unknown</edomvd><edomvds>Producer defined</edomvds></edom></attrdomv><attrdomv><edom><edomv>712-322-3209</edomv><edomvd>Unknown</edomvd><edomvds>Producer defined</edomvds></edom></attrdomv><attrdomv><edom><edomv>712-362-0480</edomv><edomvd>Unknown</edomvd><edomvds>Producer defined</edomvds></edom></attrdomv><attrdomv><edom><edomv>858-521-3333</edomv><edomvd>Unknown</edomvd><edomvds>Producer defined</edomvds></edom></attrdomv><attalias Sync="TRUE">RepFax</attalias><attrtype Sync="TRUE">String</attrtype><attwidth Sync="TRUE">254</attwidth><atprecis Sync="TRUE">0</atprecis><attscale Sync="TRUE">0</attscale></attr><attr><attrlabl>RepPH</attrlabl><attrdef>Unknown</attrdef><attrdefs>Producer defined</attrdefs><attrdomv><edom><edomv>{Null Value / Empty Field Entry}</edomv><edomvd>Unknown</edomvd><edomvds>Producer defined</edomvds></edom></attrdomv><attrdomv><edom><edomv>218-820-0419</edomv><edomvd>Unknown</edomvd><edomvds>Producer defined</edomvds></edom></attrdomv><attrdomv><edom><edomv>303-439-4217</edomv><edomvd>Unknown</edomvd><edomvds>Producer defined</edomvds></edom></attrdomv><attrdomv><edom><edomv>402-740-0308</edomv><edomvd>Unknown</edomvd><edomvds>Producer defined</edomvds></edom></attrdomv><attrdomv><edom><edomv>515-242-3015</edomv><edomvd>Unknown</edomvd><edomvds>Producer defined</edomvds></edom></attrdomv><attrdomv><edom><edomv>515-386-3405</edomv><edomvd>Unknown</edomvd><edomvds>Producer defined</edomvds></edom></attrdomv><attrdomv><edom><edomv>515-528-4041</edomv><edomvd>Unknown</edomvd><edomvds>Producer defined</edomvds></edom></attrdomv><attrdomv><edom><edomv>515-834-2055</edomv><edomvd>Unknown</edomvd><edomvds>Producer defined</edomvds></edom></attrdomv><attrdomv><edom><edomv>702-232-5504</edomv><edomvd>Unknown</edomvd><edomvds>Producer defined</edomvds></edom></attrdomv><attrdomv><edom><edomv>712-274-6400</edomv><edomvd>Unknown</edomvd><edomvds>Producer defined</edomvds></edom></attrdomv><attrdomv><edom><edomv>712-322-3202</edomv><edomvd>Unknown</edomvd><edomvds>Producer defined</edomvds></edom></attrdomv><attrdomv><edom><edomv>712-362-0428</edomv><edomvd>Unknown</edomvd><edomvds>Producer defined</edomvds></edom></attrdomv><attrdomv><edom><edomv>715-896-2328</edomv><edomvd>Unknown</edomvd><edomvds>Producer defined</edomvds></edom></attrdomv><attrdomv><edom><edomv>858-521-3300</edomv><edomvd>Unknown</edomvd><edomvds>Producer defined</edomvds></edom></attrdomv><attalias Sync="TRUE">RepPH</attalias><attrtype Sync="TRUE">String</attrtype><attwidth Sync="TRUE">254</attwidth><atprecis Sync="TRUE">0</atprecis><attscale Sync="TRUE">0</attscale></attr><attr><attrlabl>RepPHx</attrlabl><attrdef>Unknown</attrdef><attrdefs>Producer defined</attrdefs><attrdomv><edom><edomv>{Null Value / Empty Field Entry}</edomv><edomvd>Unknown</edomvd><edomvds>Producer defined</edomvds></edom></attrdomv><attrdomv><edom><edomv>1236</edomv><edomvd>Unknown</edomvd><edomvds>Producer defined</edomvds></edom></attrdomv><attrdomv><edom><edomv>3486</edomv><edomvd>Unknown</edomvd><edomvds>Producer defined</edomvds></edom></attrdomv><attalias Sync="TRUE">RepPHx</attalias><attrtype Sync="TRUE">String</attrtype><attwidth Sync="TRUE">254</attwidth><atprecis Sync="TRUE">0</atprecis><attscale Sync="TRUE">0</attscale></attr><attr><attrlabl>RepST</attrlabl><attrdef>Unknown</attrdef><attrdefs>Producer defined</attrdefs><attrdomv><edom><edomv>{Null Value / Empty Field Entry}</edomv><edomvd>Unknown</edomvd><edomvds>Producer defined</edomvds></edom></attrdomv><attrdomv><edom><edomv>CA</edomv><edomvd>Unknown</edomvd><edomvds>Producer defined</edomvds></edom></attrdomv><attrdomv><edom><edomv>CO</edomv><edomvd>Unknown</edomvd><edomvds>Producer defined</edomvds></edom></attrdomv><attrdomv><edom><edomv>IA</edomv><edomvd>Unknown</edomvd><edomvds>Producer defined</edomvds></edom></attrdomv><attrdomv><edom><edomv>KS</edomv><edomvd>Unknown</edomvd><edomvds>Producer defined</edomvds></edom></attrdomv><attrdomv><edom><edomv>MN</edomv><edomvd>Unknown</edomvd><edomvds>Producer defined</edomvds></edom></attrdomv><attrdomv><edom><edomv>VA</edomv><edomvd>Unknown</edomvd><edomvds>Producer defined</edomvds></edom></attrdomv><attalias Sync="TRUE">RepST</attalias><attrtype Sync="TRUE">String</attrtype><attwidth Sync="TRUE">254</attwidth><atprecis Sync="TRUE">0</atprecis><attscale Sync="TRUE">0</attscale></attr><attr><attrlabl>RepAddr1</attrlabl><attrdef>Unknown</attrdef><attrdefs>Producer defined</attrdefs><attrdomv><edom><edomv>{Null Value / Empty Field Entry}</edomv><edomvd>Unknown</edomvd><edomvds>Producer defined</edomvds></edom></attrdomv><attrdomv><edom><edomv>11101 W 120th Ave</edomv><edomvd>Unknown</edomvd><edomvds>Producer defined</edomvds></edom></attrdomv><attrdomv><edom><edomv>1275  K Street NW</edomv><edomvd>Unknown</edomvd><edomvds>Producer defined</edomvds></edom></attrdomv><attrdomv><edom><edomv>15050 Antioch Rd Suite 3</edomv><edomvd>Unknown</edomvd><edomvds>Producer defined</edomvds></edom></attrdomv><attrdomv><edom><edomv>15445 Innovation Dr.</edomv><edomvd>Unknown</edomvd><edomvds>Producer defined</edomvds></edom></attrdomv><attrdomv><edom><edomv>1639 320th Street</edomv><edomvd>Unknown</edomvd><edomvds>Producer defined</edomvds></edom></attrdomv><attrdomv><edom><edomv>1751 Madison Ave.</edomv><edomvd>Unknown</edomvd><edomvds>Producer defined</edomvds></edom></attrdomv><attrdomv><edom><edomv>19 S 7th Street</edomv><edomvd>Unknown</edomvd><edomvds>Producer defined</edomvds></edom></attrdomv><attrdomv><edom><edomv>24060 Cottonwood Road</edomv><edomvd>Unknown</edomvd><edomvds>Producer defined</edomvds></edom></attrdomv><attrdomv><edom><edomv>3311 100th Street</edomv><edomvd>Unknown</edomvd><edomvds>Producer defined</edomvds></edom></attrdomv><attrdomv><edom><edomv>4647 Stonve Ave</edomv><edomvd>Unknown</edomvd><edomvds>Producer defined</edomvds></edom></attrdomv><attrdomv><edom><edomv>513 3rd St SW</edomv><edomvd>Unknown</edomvd><edomvds>Producer defined</edomvds></edom></attrdomv><attrdomv><edom><edomv>7 Ellefson Drive</edomv><edomvd>Unknown</edomvd><edomvds>Producer defined</edomvds></edom></attrdomv><attrdomv><edom><edomv>P.O. Box 657</edomv><edomvd>Unknown</edomvd><edomvds>Producer defined</edomvds></edom></attrdomv><attalias Sync="TRUE">RepAddr1</attalias><attrtype Sync="TRUE">String</attrtype><attwidth Sync="TRUE">254</attwidth><atprecis Sync="TRUE">0</atprecis><attscale Sync="TRUE">0</attscale></attr><attr><attrlabl>RepAddr2</attrlabl><attrdef>Unknown</attrdef><attrdefs>Producer defined</attrdefs><attrdomv><edom><edomv>{Null Value / Empty Field Entry}</edomv><edomvd>Unknown</edomvd><edomvds>Producer defined</edomvds></edom></attrdomv><attrdomv><edom><edomv>PO Box 439</edomv><edomvd>Unknown</edomvd><edomvds>Producer defined</edomvds></edom></attrdomv><attrdomv><edom><edomv>Suite 1200</edomv><edomvd>Unknown</edomvd><edomvds>Producer defined</edomvds></edom></attrdomv><attrdomv><edom><edomv>Suite 400</edomv><edomvd>Unknown</edomvd><edomvds>Producer defined</edomvds></edom></attrdomv><attrdomv><edom><edomv>Unit 42456</edomv><edomvd>Unknown</edomvd><edomvds>Producer defined</edomvds></edom></attrdomv><attalias Sync="TRUE">RepAddr2</attalias><attrtype Sync="TRUE">String</attrtype><attwidth Sync="TRUE">254</attwidth><atprecis Sync="TRUE">0</atprecis><attscale Sync="TRUE">0</attscale></attr><attr><attrlabl>RepZip</attrlabl><attrdef>Unknown</attrdef><attrdefs>Producer defined</attrdefs><attrdomv><edom><edomv>{Null Value / Empty Field Entry}</edomv><edomvd>Unknown</edomvd><edomvds>Producer defined</edomvds></edom></attrdomv><attrdomv><edom><edomv>20005</edomv><edomvd>Unknown</edomvd><edomvds>Producer defined</edomvds></edom></attrdomv><attrdomv><edom><edomv>50069</edomv><edomvd>Unknown</edomvd><edomvds>Producer defined</edomvds></edom></attrdomv><attrdomv><edom><edomv>50128</edomv><edomvd>Unknown</edomvd><edomvds>Producer defined</edomvds></edom></attrdomv><attrdomv><edom><edomv>50306</edomv><edomvd>Unknown</edomvd><edomvds>Producer defined</edomvds></edom></attrdomv><attrdomv><edom><edomv>50323</edomv><edomvd>Unknown</edomvd><edomvds>Producer defined</edomvds></edom></attrdomv><attrdomv><edom><edomv>51102</edomv><edomvd>Unknown</edomvd><edomvds>Producer defined</edomvds></edom></attrdomv><attrdomv><edom><edomv>51334</edomv><edomvd>Unknown</edomvd><edomvds>Producer defined</edomvds></edom></attrdomv><attrdomv><edom><edomv>51503</edomv><edomvd>Unknown</edomvd><edomvds>Producer defined</edomvds></edom></attrdomv><attrdomv><edom><edomv>56479</edomv><edomvd>Unknown</edomvd><edomvds>Producer defined</edomvds></edom></attrdomv><attrdomv><edom><edomv>66221</edomv><edomvd>Unknown</edomvd><edomvds>Producer defined</edomvds></edom></attrdomv><attrdomv><edom><edomv>80021</edomv><edomvd>Unknown</edomvd><edomvds>Producer defined</edomvds></edom></attrdomv><attrdomv><edom><edomv>92128</edomv><edomvd>Unknown</edomvd><edomvds>Producer defined</edomvds></edom></attrdomv><attalias Sync="TRUE">RepZip</attalias><attrtype Sync="TRUE">String</attrtype><attwidth Sync="TRUE">254</attwidth><atprecis Sync="TRUE">0</atprecis><attscale Sync="TRUE">0</attscale></attr><attr><attrlabl>SprAttn</attrlabl><attrdef>Unknown</attrdef><attrdefs>Producer defined</attrdefs><attrdomv><edom><edomv>{Null Value / Empty Field Entry}</edomv><edomvd>Unknown</edomvd><edomvds>Producer defined</edomvds></edom></attrdomv><attrdomv><edom><edomv>Adam Jablonski</edomv><edomvd>Unknown</edomvd><edomvds>Producer defined</edomvds></edom></attrdomv><attrdomv><edom><edomv>Arne Nielsen</edomv><edomvd>Unknown</edomvd><edomvds>Producer defined</edomvds></edom></attrdomv><attrdomv><edom><edomv>Carl Moczydlowsky</edomv><edomvd>Unknown</edomvd><edomvds>Producer defined</edomvds></edom></attrdomv><attrdomv><edom><edomv>Delaine Hiney</edomv><edomvd>Unknown</edomvd><edomvds>Producer defined</edomvds></edom></attrdomv><attrdomv><edom><edomv>Jared Noack</edomv><edomvd>Unknown</edomvd><edomvds>Producer defined</edomvds></edom></attrdomv><attrdomv><edom><edomv>Jason Lowenstein</edomv><edomvd>Unknown</edomvd><edomvds>Producer defined</edomvds></edom></attrdomv><attrdomv><edom><edomv>Karsen Rumpf</edomv><edomvd>Unknown</edomvd><edomvds>Producer defined</edomvds></edom></attrdomv><attrdomv><edom><edomv>Kyle Anibas</edomv><edomvd>Unknown</edomvd><edomvds>Producer defined</edomvds></edom></attrdomv><attrdomv><edom><edomv>Kyle Hueser</edomv><edomvd>Unknown</edomvd><edomvds>Producer defined</edomvds></edom></attrdomv><attrdomv><edom><edomv>Nicole Nitsche</edomv><edomvd>Unknown</edomvd><edomvds>Producer defined</edomvds></edom></attrdomv><attrdomv><edom><edomv>Randy Caviness</edomv><edomvd>Unknown</edomvd><edomvds>Producer defined</edomvds></edom></attrdomv><attrdomv><edom><edomv>Rolando Tejeda</edomv><edomvd>Unknown</edomvd><edomvds>Producer defined</edomvds></edom></attrdomv><attrdomv><edom><edomv>Tessa Haugen</edomv><edomvd>Unknown</edomvd><edomvds>Producer defined</edomvds></edom></attrdomv><attrdomv><edom><edomv>Thomas Wind</edomv><edomvd>Unknown</edomvd><edomvds>Producer defined</edomvds></edom></attrdomv><attrdomv><edom><edomv>Todd Nelson</edomv><edomvd>Unknown</edomvd><edomvds>Producer defined</edomvds></edom></attrdomv><attrdomv><edom><edomv>Will Douglas</edomv><edomvd>Unknown</edomvd><edomvds>Producer defined</edomvds></edom></attrdomv><attalias Sync="TRUE">SprAttn</attalias><attrtype Sync="TRUE">String</attrtype><attwidth Sync="TRUE">254</attwidth><atprecis Sync="TRUE">0</atprecis><attscale Sync="TRUE">0</attscale></attr><attr><attrlabl>SprCity</attrlabl><attrdef>Unknown</attrdef><attrdefs>Producer defined</attrdefs><attrdomv><edom><edomv>{Null Value / Empty Field Entry}</edomv><edomvd>Unknown</edomvd><edomvds>Producer defined</edomvds></edom></attrdomv><attrdomv><edom><edomv>Brooklyn</edomv><edomvd>Unknown</edomvd><edomvds>Producer defined</edomvds></edom></attrdomv><attrdomv><edom><edomv>Broomfield</edomv><edomvd>Unknown</edomvd><edomvds>Producer defined</edomvds></edom></attrdomv><attrdomv><edom><edomv>Chicago</edomv><edomvd>Unknown</edomvd><edomvds>Producer defined</edomvds></edom></attrdomv><attrdomv><edom><edomv>Council Bluffs</edomv><edomvd>Unknown</edomvd><edomvds>Producer defined</edomvds></edom></attrdomv><attrdomv><edom><edomv>De Soto</edomv><edomvd>Unknown</edomvd><edomvds>Producer defined</edomvds></edom></attrdomv><attrdomv><edom><edomv>Des Moines</edomv><edomvd>Unknown</edomvd><edomvds>Producer defined</edomvds></edom></attrdomv><attrdomv><edom><edomv>Estherville</edomv><edomvd>Unknown</edomvd><edomvds>Producer defined</edomvds></edom></attrdomv><attrdomv><edom><edomv>Greenfield</edomv><edomvd>Unknown</edomvd><edomvds>Producer defined</edomvds></edom></attrdomv><attrdomv><edom><edomv>Jamaica</edomv><edomvd>Unknown</edomvd><edomvds>Producer defined</edomvds></edom></attrdomv><attrdomv><edom><edomv>Overland Park</edomv><edomvd>Unknown</edomvd><edomvds>Producer defined</edomvds></edom></attrdomv><attrdomv><edom><edomv>San Diego</edomv><edomvd>Unknown</edomvd><edomvds>Producer defined</edomvds></edom></attrdomv><attrdomv><edom><edomv>Sioux City</edomv><edomvd>Unknown</edomvd><edomvds>Producer defined</edomvds></edom></attrdomv><attrdomv><edom><edomv>staples</edomv><edomvd>Unknown</edomvd><edomvds>Producer defined</edomvds></edom></attrdomv><attrdomv><edom><edomv>Urbandale</edomv><edomvd>Unknown</edomvd><edomvds>Producer defined</edomvds></edom></attrdomv><attrdomv><edom><edomv>Washington DC</edomv><edomvd>Unknown</edomvd><edomvds>Producer defined</edomvds></edom></attrdomv><attrdomv><edom><edomv>West Des Moines</edomv><edomvd>Unknown</edomvd><edomvds>Producer defined</edomvds></edom></attrdomv><attalias Sync="TRUE">SprCity</attalias><attrtype Sync="TRUE">String</attrtype><attwidth Sync="TRUE">254</attwidth><atprecis Sync="TRUE">0</atprecis><attscale Sync="TRUE">0</attscale></attr><attr><attrlabl>SprCntry</attrlabl><attrdef>Unknown</attrdef><attrdefs>Producer defined</attrdefs><attrdomv><edom><edomv>{Null Value / Empty Field Entry}</edomv><edomvd>Unknown</edomvd><edomvds>Producer defined</edomvds></edom></attrdomv><attrdomv><edom><edomv>US</edomv><edomvd>Unknown</edomvd><edomvds>Producer defined</edomvds></edom></attrdomv><attalias Sync="TRUE">SprCntry</attalias><attrtype Sync="TRUE">String</attrtype><attwidth Sync="TRUE">254</attwidth><atprecis Sync="TRUE">0</atprecis><attscale Sync="TRUE">0</attscale></attr><attr><attrlabl>SprEmail</attrlabl><attrdef>Unknown</attrdef><attrdefs>Producer defined</attrdefs><attrdomv><edom><edomv>{Null Value / Empty Field Entry}</edomv><edomvd>Unknown</edomvd><edomvds>Producer defined</edomvds></edom></attrdomv><attrdomv><edom><edomv>anielsen@rpmaccess.com</edomv><edomvd>Unknown</edomvd><edomvds>Producer defined</edomvds></edom></attrdomv><attrdomv><edom><edomv>ANJablonski@midamerican.com</edomv><edomvd>Unknown</edomvd><edomvds>Producer defined</edomvds></edom></attrdomv><attrdomv><edom><edomv>dhiney@iowalakes.edu</edomv><edomvd>Unknown</edomvd><edomvds>Producer defined</edomvds></edom></attrdomv><attrdomv><edom><edomv>gis.rag@edf-re.com</edomv><edomvd>Unknown</edomvd><edomvds>Producer defined</edomvds></edom></attrdomv><attrdomv><edom><edomv>greenfieldpower@netzero.net</edomv><edomvd>Unknown</edomvd><edomvds>Producer defined</edomvds></edom></attrdomv><attrdomv><edom><edomv>jason.lowenstein@ownenergy.net</edomv><edomvd>Unknown</edomvd><edomvds>Producer defined</edomvds></edom></attrdomv><attrdomv><edom><edomv>JNoack@midamerican.com</edomv><edomvd>Unknown</edomvd><edomvds>Producer defined</edomvds></edom></attrdomv><attrdomv><edom><edomv>krumpf@optimumrenewables.com</edomv><edomvd>Unknown</edomvd><edomvds>Producer defined</edomvds></edom></attrdomv><attrdomv><edom><edomv>kyle.anibas@edpr.com</edomv><edomvd>Unknown</edomvd><edomvds>Producer defined</edomvds></edom></attrdomv><attrdomv><edom><edomv>Kyle.hueser@witcc.edu</edomv><edomvd>Unknown</edomvd><edomvds>Producer defined</edomvds></edom></attrdomv><attrdomv><edom><edomv>nnitsche@invenergyllc.com</edomv><edomvd>Unknown</edomvd><edomvds>Producer defined</edomvds></edom></attrdomv><attrdomv><edom><edomv>rolando.tejeda@res-group.com</edomv><edomvd>Unknown</edomvd><edomvds>Producer defined</edomvds></edom></attrdomv><attrdomv><edom><edomv>thaugen@rnemn.com</edomv><edomvd>Unknown</edomvd><edomvds>Producer defined</edomvds></edom></attrdomv><attrdomv><edom><edomv>toddnelson1@cox.net</edomv><edomvd>Unknown</edomvd><edomvds>Producer defined</edomvds></edom></attrdomv><attrdomv><edom><edomv>tomwind@windconsulting.com</edomv><edomvd>Unknown</edomvd><edomvds>Producer defined</edomvds></edom></attrdomv><attrdomv><edom><edomv>w.douglas@buildingenergy.it</edomv><edomvd>Unknown</edomvd><edomvds>Producer defined</edomvds></edom></attrdomv><attalias Sync="TRUE">SprEmail</attalias><attrtype Sync="TRUE">String</attrtype><attwidth Sync="TRUE">254</attwidth><atprecis Sync="TRUE">0</atprecis><attscale Sync="TRUE">0</attscale></attr><attr><attrlabl>SprName</attrlabl><attrdef>Unknown</attrdef><attrdefs>Producer defined</attrdefs><attrdomv><udom>Unknown</udom></attrdomv><attalias Sync="TRUE">SprName</attalias><attrtype Sync="TRUE">String</attrtype><attwidth Sync="TRUE">254</attwidth><atprecis Sync="TRUE">0</atprecis><attscale Sync="TRUE">0</attscale></attr><attr><attrlabl>SprFax</attrlabl><attrdef>Unknown</attrdef><attrdefs>Producer defined</attrdefs><attrdomv><edom><edomv>{Null Value / Empty Field Entry}</edomv><edomvd>Unknown</edomvd><edomvds>Producer defined</edomvds></edom></attrdomv><attrdomv><edom><edomv>218-894-1531</edomv><edomvd>Unknown</edomvd><edomvds>Producer defined</edomvds></edom></attrdomv><attrdomv><edom><edomv>303-439-4299</edomv><edomvd>Unknown</edomvd><edomvds>Producer defined</edomvds></edom></attrdomv><attrdomv><edom><edomv>515-223-0589</edomv><edomvd>Unknown</edomvd><edomvds>Producer defined</edomvds></edom></attrdomv><attrdomv><edom><edomv>515-250-8200</edomv><edomvd>Unknown</edomvd><edomvds>Producer defined</edomvds></edom></attrdomv><attrdomv><edom><edomv>646-898-3681</edomv><edomvd>Unknown</edomvd><edomvds>Producer defined</edomvds></edom></attrdomv><attrdomv><edom><edomv>712-274-6428</edomv><edomvd>Unknown</edomvd><edomvds>Producer defined</edomvds></edom></attrdomv><attrdomv><edom><edomv>712-362-0480</edomv><edomvd>Unknown</edomvd><edomvds>Producer defined</edomvds></edom></attrdomv><attrdomv><edom><edomv>858-521-3333</edomv><edomvd>Unknown</edomvd><edomvds>Producer defined</edomvds></edom></attrdomv><attalias Sync="TRUE">SprFax</attalias><attrtype Sync="TRUE">String</attrtype><attwidth Sync="TRUE">254</attwidth><atprecis Sync="TRUE">0</atprecis><attscale Sync="TRUE">0</attscale></attr><attr><attrlabl>SprPH</attrlabl><attrdef>Unknown</attrdef><attrdefs>Producer defined</attrdefs><attrdomv><edom><edomv>{Null Value / Empty Field Entry}</edomv><edomvd>Unknown</edomvd><edomvds>Producer defined</edomvds></edom></attrdomv><attrdomv><edom><edomv>218-820-0419</edomv><edomvd>Unknown</edomvd><edomvds>Producer defined</edomvds></edom></attrdomv><attrdomv><edom><edomv>303-439-4270</edomv><edomvd>Unknown</edomvd><edomvds>Producer defined</edomvds></edom></attrdomv><attrdomv><edom><edomv>312-582-1493</edomv><edomvd>Unknown</edomvd><edomvds>Producer defined</edomvds></edom></attrdomv><attrdomv><edom><edomv>402-740-0308</edomv><edomvd>Unknown</edomvd><edomvds>Producer defined</edomvds></edom></attrdomv><attrdomv><edom><edomv>515-223-0511</edomv><edomvd>Unknown</edomvd><edomvds>Producer defined</edomvds></edom></attrdomv><attrdomv><edom><edomv>515-242-2418</edomv><edomvd>Unknown</edomvd><edomvds>Producer defined</edomvds></edom></attrdomv><attrdomv><edom><edomv>515-242-3015</edomv><edomvd>Unknown</edomvd><edomvds>Producer defined</edomvds></edom></attrdomv><attrdomv><edom><edomv>515-250-8200</edomv><edomvd>Unknown</edomvd><edomvds>Producer defined</edomvds></edom></attrdomv><attrdomv><edom><edomv>515-386-3405</edomv><edomvd>Unknown</edomvd><edomvds>Producer defined</edomvds></edom></attrdomv><attrdomv><edom><edomv>515-979-0887</edomv><edomvd>Unknown</edomvd><edomvds>Producer defined</edomvds></edom></attrdomv><attrdomv><edom><edomv>646-898-3690</edomv><edomvd>Unknown</edomvd><edomvds>Producer defined</edomvds></edom></attrdomv><attrdomv><edom><edomv>702-232-5504</edomv><edomvd>Unknown</edomvd><edomvds>Producer defined</edomvds></edom></attrdomv><attrdomv><edom><edomv>712-274-8733</edomv><edomvd>Unknown</edomvd><edomvds>Producer defined</edomvds></edom></attrdomv><attrdomv><edom><edomv>712-362-0428</edomv><edomvd>Unknown</edomvd><edomvds>Producer defined</edomvds></edom></attrdomv><attrdomv><edom><edomv>858-521-3300</edomv><edomvd>Unknown</edomvd><edomvds>Producer defined</edomvds></edom></attrdomv><attrdomv><edom><edomv>913-402-1020</edomv><edomvd>Unknown</edomvd><edomvds>Producer defined</edomvds></edom></attrdomv><attalias Sync="TRUE">SprPH</attalias><attrtype Sync="TRUE">String</attrtype><attwidth Sync="TRUE">254</attwidth><atprecis Sync="TRUE">0</atprecis><attscale Sync="TRUE">0</attscale></attr><attr><attrlabl>SprPHx</attrlabl><attrdef>Unknown</attrdef><attrdefs>Producer defined</attrdefs><attrdomv><edom><edomv>{Null Value / Empty Field Entry}</edomv><edomvd>Unknown</edomvd><edomvds>Producer defined</edomvds></edom></attrdomv><attrdomv><edom><edomv>1236</edomv><edomvd>Unknown</edomvd><edomvds>Producer defined</edomvds></edom></attrdomv><attrdomv><edom><edomv>515</edomv><edomvd>Unknown</edomvd><edomvds>Producer defined</edomvds></edom></attrdomv><attalias Sync="TRUE">SprPHx</attalias><attrtype Sync="TRUE">String</attrtype><attwidth Sync="TRUE">254</attwidth><atprecis Sync="TRUE">0</atprecis><attscale Sync="TRUE">0</attscale></attr><attr><attrlabl>SprST</attrlabl><attrdef>Unknown</attrdef><attrdefs>Producer defined</attrdefs><attrdomv><edom><edomv>{Null Value / Empty Field Entry}</edomv><edomvd>Unknown</edomvd><edomvds>Producer defined</edomvds></edom></attrdomv><attrdomv><edom><edomv>CA</edomv><edomvd>Unknown</edomvd><edomvds>Producer defined</edomvds></edom></attrdomv><attrdomv><edom><edomv>CO</edomv><edomvd>Unknown</edomvd><edomvds>Producer defined</edomvds></edom></attrdomv><attrdomv><edom><edomv>IA</edomv><edomvd>Unknown</edomvd><edomvds>Producer defined</edomvds></edom></attrdomv><attrdomv><edom><edomv>IL</edomv><edomvd>Unknown</edomvd><edomvds>Producer defined</edomvds></edom></attrdomv><attrdomv><edom><edomv>KS</edomv><edomvd>Unknown</edomvd><edomvds>Producer defined</edomvds></edom></attrdomv><attrdomv><edom><edomv>MN</edomv><edomvd>Unknown</edomvd><edomvds>Producer defined</edomvds></edom></attrdomv><attrdomv><edom><edomv>NY</edomv><edomvd>Unknown</edomvd><edomvds>Producer defined</edomvds></edom></attrdomv><attrdomv><edom><edomv>VA</edomv><edomvd>Unknown</edomvd><edomvds>Producer defined</edomvds></edom></attrdomv><attalias Sync="TRUE">SprST</attalias><attrtype Sync="TRUE">String</attrtype><attwidth Sync="TRUE">254</attwidth><atprecis Sync="TRUE">0</atprecis><attscale Sync="TRUE">0</attscale></attr><attr><attrlabl>SprAddr1</attrlabl><attrdef>Unknown</attrdef><attrdefs>Producer defined</attrdefs><attrdomv><edom><edomv>{Null Value / Empty Field Entry}</edomv><edomvd>Unknown</edomvd><edomvds>Producer defined</edomvds></edom></attrdomv><attrdomv><edom><edomv>1 S Wacker Drive</edomv><edomvd>Unknown</edomvd><edomvds>Producer defined</edomvds></edom></attrdomv><attrdomv><edom><edomv>11101 W 120th Ave</edomv><edomvd>Unknown</edomvd><edomvds>Producer defined</edomvds></edom></attrdomv><attrdomv><edom><edomv>1275  K Street NW</edomv><edomvd>Unknown</edomvd><edomvds>Producer defined</edomvds></edom></attrdomv><attrdomv><edom><edomv>15050 Antioch Rd Suite 3</edomv><edomvd>Unknown</edomvd><edomvds>Producer defined</edomvds></edom></attrdomv><attrdomv><edom><edomv>15445 Innovation Drive</edomv><edomvd>Unknown</edomvd><edomvds>Producer defined</edomvds></edom></attrdomv><attrdomv><edom><edomv>1639 320th Street</edomv><edomvd>Unknown</edomvd><edomvds>Producer defined</edomvds></edom></attrdomv><attrdomv><edom><edomv>19 S 7th Street</edomv><edomvd>Unknown</edomvd><edomvds>Producer defined</edomvds></edom></attrdomv><attrdomv><edom><edomv>24060 Cottonwood Road</edomv><edomvd>Unknown</edomvd><edomvds>Producer defined</edomvds></edom></attrdomv><attrdomv><edom><edomv>2624 Pinewood Ave</edomv><edomvd>Unknown</edomvd><edomvds>Producer defined</edomvds></edom></attrdomv><attrdomv><edom><edomv>3311 100th St. #42456</edomv><edomvd>Unknown</edomvd><edomvds>Producer defined</edomvds></edom></attrdomv><attrdomv><edom><edomv>3311 100th Street Unit 42456</edomv><edomvd>Unknown</edomvd><edomvds>Producer defined</edomvds></edom></attrdomv><attrdomv><edom><edomv>4299 NW Urbandale Drive</edomv><edomvd>Unknown</edomvd><edomvds>Producer defined</edomvds></edom></attrdomv><attrdomv><edom><edomv>45 MainSt</edomv><edomvd>Unknown</edomvd><edomvds>Producer defined</edomvds></edom></attrdomv><attrdomv><edom><edomv>4647 Stone Ave</edomv><edomvd>Unknown</edomvd><edomvds>Producer defined</edomvds></edom></attrdomv><attrdomv><edom><edomv>513 3rd St SW</edomv><edomvd>Unknown</edomvd><edomvds>Producer defined</edomvds></edom></attrdomv><attrdomv><edom><edomv>6205 Mills Civic Parkway</edomv><edomvd>Unknown</edomvd><edomvds>Producer defined</edomvds></edom></attrdomv><attrdomv><edom><edomv>7 Ellefson Dr.</edomv><edomvd>Unknown</edomvd><edomvds>Producer defined</edomvds></edom></attrdomv><attrdomv><edom><edomv>P.O. Box 657</edomv><edomvd>Unknown</edomvd><edomvds>Producer defined</edomvds></edom></attrdomv><attalias Sync="TRUE">SprAddr1</attalias><attrtype Sync="TRUE">String</attrtype><attwidth Sync="TRUE">254</attwidth><atprecis Sync="TRUE">0</atprecis><attscale Sync="TRUE">0</attscale></attr><attr><attrlabl>SprAddr2</attrlabl><attrdef>Unknown</attrdef><attrdefs>Producer defined</attrdefs><attrdomv><edom><edomv>{Null Value / Empty Field Entry}</edomv><edomvd>Unknown</edomvd><edomvds>Producer defined</edomvds></edom></attrdomv><attrdomv><edom><edomv>Suite #536</edomv><edomvd>Unknown</edomvd><edomvds>Producer defined</edomvds></edom></attrdomv><attrdomv><edom><edomv>Suite 1200</edomv><edomvd>Unknown</edomvd><edomvds>Producer defined</edomvds></edom></attrdomv><attrdomv><edom><edomv>Suite 400</edomv><edomvd>Unknown</edomvd><edomvds>Producer defined</edomvds></edom></attrdomv><attalias Sync="TRUE">SprAddr2</attalias><attrtype Sync="TRUE">String</attrtype><attwidth Sync="TRUE">254</attwidth><atprecis Sync="TRUE">0</atprecis><attscale Sync="TRUE">0</attscale></attr><attr><attrlabl>SprZip</attrlabl><attrdef>Unknown</attrdef><attrdefs>Producer defined</attrdefs><attrdomv><edom><edomv>{Null Value / Empty Field Entry}</edomv><edomvd>Unknown</edomvd><edomvds>Producer defined</edomvds></edom></attrdomv><attrdomv><edom><edomv>11201</edomv><edomvd>Unknown</edomvd><edomvds>Producer defined</edomvds></edom></attrdomv><attrdomv><edom><edomv>20005</edomv><edomvd>Unknown</edomvd><edomvds>Producer defined</edomvds></edom></attrdomv><attrdomv><edom><edomv>50069</edomv><edomvd>Unknown</edomvd><edomvds>Producer defined</edomvds></edom></attrdomv><attrdomv><edom><edomv>50128</edomv><edomvd>Unknown</edomvd><edomvds>Producer defined</edomvds></edom></attrdomv><attrdomv><edom><edomv>50265</edomv><edomvd>Unknown</edomvd><edomvds>Producer defined</edomvds></edom></attrdomv><attrdomv><edom><edomv>50306</edomv><edomvd>Unknown</edomvd><edomvds>Producer defined</edomvds></edom></attrdomv><attrdomv><edom><edomv>50310</edomv><edomvd>Unknown</edomvd><edomvds>Producer defined</edomvds></edom></attrdomv><attrdomv><edom><edomv>50322</edomv><edomvd>Unknown</edomvd><edomvds>Producer defined</edomvds></edom></attrdomv><attrdomv><edom><edomv>50323</edomv><edomvd>Unknown</edomvd><edomvds>Producer defined</edomvds></edom></attrdomv><attrdomv><edom><edomv>50849</edomv><edomvd>Unknown</edomvd><edomvds>Producer defined</edomvds></edom></attrdomv><attrdomv><edom><edomv>51102</edomv><edomvd>Unknown</edomvd><edomvds>Producer defined</edomvds></edom></attrdomv><attrdomv><edom><edomv>51334</edomv><edomvd>Unknown</edomvd><edomvds>Producer defined</edomvds></edom></attrdomv><attrdomv><edom><edomv>51503</edomv><edomvd>Unknown</edomvd><edomvds>Producer defined</edomvds></edom></attrdomv><attrdomv><edom><edomv>56479</edomv><edomvd>Unknown</edomvd><edomvds>Producer defined</edomvds></edom></attrdomv><attrdomv><edom><edomv>60606</edomv><edomvd>Unknown</edomvd><edomvds>Producer defined</edomvds></edom></attrdomv><attrdomv><edom><edomv>66221</edomv><edomvd>Unknown</edomvd><edomvds>Producer defined</edomvds></edom></attrdomv><attrdomv><edom><edomv>80021</edomv><edomvd>Unknown</edomvd><edomvds>Producer defined</edomvds></edom></attrdomv><attrdomv><edom><edomv>92128</edomv><edomvd>Unknown</edomvd><edomvds>Producer defined</edomvds></edom></attrdomv><attalias Sync="TRUE">SprZip</attalias><attrtype Sync="TRUE">String</attrtype><attwidth Sync="TRUE">254</attwidth><atprecis Sync="TRUE">0</atprecis><attscale Sync="TRUE">0</attscale></attr><attr><attrlabl>SigCtrlNum</attrlabl><attrdef>Unknown</attrdef><attrdefs>Producer defined</attrdefs><attrdomv><udom>Unknown</udom></attrdomv><attalias Sync="TRUE">SigCtrlNum</attalias><attrtype Sync="TRUE">String</attrtype><attwidth Sync="TRUE">254</attwidth><atprecis Sync="TRUE">0</atprecis><attscale Sync="TRUE">0</attscale></attr><attr><attrlabl>FWSRegion</attrlabl><attrdef>Unknown</attrdef><attrdefs>Producer defined</attrdefs><attrdomv><rdom><rdommin>0</rdommin><rdommax>3</rdommax></rdom></attrdomv><attalias Sync="TRUE">FWSRegion</attalias><attrtype Sync="TRUE">Double</attrtype><attwidth Sync="TRUE">19</attwidth><atprecis Sync="TRUE">0</atprecis><attscale Sync="TRUE">0</attscale></attr><attr><attrlabl>FWSStatus</attrlabl><attrdef>Unknown</attrdef><attrdefs>Producer defined</attrdefs><attrdomv><edom><edomv>{Null Value / Empty Field Entry}</edomv><edomvd>Unknown</edomvd><edomvds>Producer defined</edomvds></edom></attrdomv><attrdomv><edom><edomv>DETERMINED - With Built Date</edomv><edomvd>Unknown</edomvd><edomvds>Producer defined</edomvds></edom></attrdomv><attalias Sync="TRUE">FWSStatus</attalias><attrtype Sync="TRUE">String</attrtype><attwidth Sync="TRUE">254</attwidth><atprecis Sync="TRUE">0</atprecis><attscale Sync="TRUE">0</attscale></attr><attr><attrlabl>unique_id</attrlabl><attrdef>Unknown</attrdef><attrdefs>Producer defined</attrdefs><attrdomv><rdom><rdommin>0</rdommin><rdommax>21389</rdommax></rdom></attrdomv><attalias Sync="TRUE">unique_id</attalias><attrtype Sync="TRUE">Integer</attrtype><attwidth Sync="TRUE">10</attwidth><atprecis Sync="TRUE">10</atprecis><attscale Sync="TRUE">0</attscale></attr><attr><attrlabl>site_name</attrlabl><attrdef>Unknown</attrdef><attrdefs>Producer defined</attrdefs><attrdomv><udom>Unknown</udom></attrdomv><attalias Sync="TRUE">site_name</attalias><attrtype Sync="TRUE">String</attrtype><attwidth Sync="TRUE">254</attwidth><atprecis Sync="TRUE">0</atprecis><attscale Sync="TRUE">0</attscale></attr><attr><attrlabl>on_year</attrlabl><attrdef>Unknown</attrdef><attrdefs>Producer defined</attrdefs><attrdomv><udom>Unknown</udom></attrdomv><attalias Sync="TRUE">on_year</attalias><attrtype Sync="TRUE">String</attrtype><attwidth Sync="TRUE">254</attwidth><atprecis Sync="TRUE">0</atprecis><attscale Sync="TRUE">0</attscale></attr><attr><attrlabl>manufac</attrlabl><attrdef>Unknown</attrdef><attrdefs>Producer defined</attrdefs><attrdomv><edom><edomv>{Null Value / Empty Field Entry}</edomv><edomvd>Unknown</edomvd><edomvds>Producer defined</edomvds></edom></attrdomv><attrdomv><edom><edomv>Acciona</edomv><edomvd>Unknown</edomvd><edomvds>Producer defined</edomvds></edom></attrdomv><attrdomv><edom><edomv>AWE</edomv><edomvd>Unknown</edomvd><edomvds>Producer defined</edomvds></edom></attrdomv><attrdomv><edom><edomv>Bonus</edomv><edomvd>Unknown</edomvd><edomvds>Producer defined</edomvds></edom></attrdomv><attrdomv><edom><edomv>Clipper</edomv><edomvd>Unknown</edomvd><edomvds>Producer defined</edomvds></edom></attrdomv><attrdomv><edom><edomv>Gamesa</edomv><edomvd>Unknown</edomvd><edomvds>Producer defined</edomvds></edom></attrdomv><attrdomv><edom><edomv>GE</edomv><edomvd>Unknown</edomvd><edomvds>Producer defined</edomvds></edom></attrdomv><attrdomv><edom><edomv>Goldwind</edomv><edomvd>Unknown</edomvd><edomvds>Producer defined</edomvds></edom></attrdomv><attrdomv><edom><edomv>HZ Windpower</edomv><edomvd>Unknown</edomvd><edomvds>Producer defined</edomvds></edom></attrdomv><attrdomv><edom><edomv>Mitsubishi</edomv><edomvd>Unknown</edomvd><edomvds>Producer defined</edomvds></edom></attrdomv><attrdomv><edom><edomv>NEG Micon</edomv><edomvd>Unknown</edomvd><edomvds>Producer defined</edomvds></edom></attrdomv><attrdomv><edom><edomv>Nordex</edomv><edomvd>Unknown</edomvd><edomvds>Producer defined</edomvds></edom></attrdomv><attrdomv><edom><edomv>Siemens</edomv><edomvd>Unknown</edomvd><edomvds>Producer defined</edomvds></edom></attrdomv><attrdomv><edom><edomv>Suzlon</edomv><edomvd>Unknown</edomvd><edomvds>Producer defined</edomvds></edom></attrdomv><attrdomv><edom><edomv>unknown</edomv><edomvd>Unknown</edomvd><edomvds>Producer defined</edomvds></edom></attrdomv><attrdomv><edom><edomv>Vensys</edomv><edomvd>Unknown</edomvd><edomvds>Producer defined</edomvds></edom></attrdomv><attrdomv><edom><edomv>Vestas</edomv><edomvd>Unknown</edomvd><edomvds>Producer defined</edomvds></edom></attrdomv><attrdomv><edom><edomv>Wind World</edomv><edomvd>Unknown</edomvd><edomvds>Producer defined</edomvds></edom></attrdomv><attrdomv><edom><edomv>Windmatic</edomv><edomvd>Unknown</edomvd><edomvds>Producer defined</edomvds></edom></attrdomv><attrdomv><edom><edomv>Zond</edomv><edomvd>Unknown</edomvd><edomvds>Producer defined</edomvds></edom></attrdomv><attalias Sync="TRUE">manufac</attalias><attrtype Sync="TRUE">String</attrtype><attwidth Sync="TRUE">254</attwidth><atprecis Sync="TRUE">0</atprecis><attscale Sync="TRUE">0</attscale></attr><attr><attrlabl>model</attrlabl><attrdef>Unknown</attrdef><attrdefs>Producer defined</attrdefs><attrdomv><udom>Unknown</udom></attrdomv><attalias Sync="TRUE">model</attalias><attrtype Sync="TRUE">String</attrtype><attwidth Sync="TRUE">254</attwidth><atprecis Sync="TRUE">0</atprecis><attscale Sync="TRUE">0</attscale></attr><attr><attrlabl>type_tower</attrlabl><attrdef>Unknown</attrdef><attrdefs>Producer defined</attrdefs><attrdomv><edom><edomv>{Null Value / Empty Field Entry}</edomv><edomvd>Unknown</edomvd><edomvds>Producer defined</edomvds></edom></attrdomv><attrdomv><edom><edomv>monopole</edomv><edomvd>Unknown</edomvd><edomvds>Producer defined</edomvds></edom></attrdomv><attrdomv><edom><edomv>small monopole</edomv><edomvd>Unknown</edomvd><edomvds>Producer defined</edomvds></edom></attrdomv><attrdomv><edom><edomv>small trestle</edomv><edomvd>Unknown</edomvd><edomvds>Producer defined</edomvds></edom></attrdomv><attrdomv><edom><edomv>trestle</edomv><edomvd>Unknown</edomvd><edomvds>Producer defined</edomvds></edom></attrdomv><attrdomv><edom><edomv>unknown</edomv><edomvd>Unknown</edomvd><edomvds>Producer defined</edomvds></edom></attrdomv><attalias Sync="TRUE">type_tower</attalias><attrtype Sync="TRUE">String</attrtype><attwidth Sync="TRUE">254</attwidth><atprecis Sync="TRUE">0</atprecis><attscale Sync="TRUE">0</attscale></attr><attr><attrlabl>MW_turbine</attrlabl><attrdef>Unknown</attrdef><attrdefs>Producer defined</attrdefs><attrdomv><rdom><rdommin>-99999</rdommin><rdommax>3</rdommax></rdom></attrdomv><attalias Sync="TRUE">MW_turbine</attalias><attrtype Sync="TRUE">Double</attrtype><attwidth Sync="TRUE">19</attwidth><atprecis Sync="TRUE">0</atprecis><attscale Sync="TRUE">0</attscale></attr><attr><attrlabl>total_ht</attrlabl><attrdef>Unknown</attrdef><attrdefs>Producer defined</attrdefs><attrdomv><rdom><rdommin>-99999</rdommin><rdommax>178</rdommax></rdom></attrdomv><attalias Sync="TRUE">total_ht</attalias><attrtype Sync="TRUE">Double</attrtype><attwidth Sync="TRUE">19</attwidth><atprecis Sync="TRUE">0</atprecis><attscale Sync="TRUE">0</attscale></attr><attr><attrlabl>tower_h</attrlabl><attrdef>Unknown</attrdef><attrdefs>Producer defined</attrdefs><attrdomv><rdom><rdommin>-99999</rdommin><rdommax>120</rdommax></rdom></attrdomv><attalias Sync="TRUE">tower_h</attalias><attrtype Sync="TRUE">Double</attrtype><attwidth Sync="TRUE">19</attwidth><atprecis Sync="TRUE">0</atprecis><attscale Sync="TRUE">0</attscale></attr><attr><attrlabl>blade_l</attrlabl><attrdef>Unknown</attrdef><attrdefs>Producer defined</attrdefs><attrdomv><rdom><rdommin>-99999</rdommin><rdommax>58</rdommax></rdom></attrdomv><attalias Sync="TRUE">blade_l</attalias><attrtype Sync="TRUE">Double</attrtype><attwidth Sync="TRUE">19</attwidth><atprecis Sync="TRUE">0</atprecis><attscale Sync="TRUE">0</attscale></attr><attr><attrlabl>rotor_dia</attrlabl><attrdef>Unknown</attrdef><attrdefs>Producer defined</attrdefs><attrdomv><rdom><rdommin>-99999</rdommin><rdommax>117</rdommax></rdom></attrdomv><attalias Sync="TRUE">rotor_dia</attalias><attrtype Sync="TRUE">Double</attrtype><attwidth Sync="TRUE">19</attwidth><atprecis Sync="TRUE">0</atprecis><attscale Sync="TRUE">0</attscale></attr><attr><attrlabl>rotor_s_a</attrlabl><attrdef>Unknown</attrdef><attrdefs>Producer defined</attrdefs><attrdomv><rdom><rdommin>-99999</rdommin><rdommax>10751.31</rdommax></rdom></attrdomv><attalias Sync="TRUE">rotor_s_a</attalias><attrtype Sync="TRUE">Double</attrtype><attwidth Sync="TRUE">19</attwidth><atprecis Sync="TRUE">0</atprecis><attscale Sync="TRUE">0</attscale></attr><attr><attrlabl>lat_DD</attrlabl><attrdef>Unknown</attrdef><attrdefs>Producer defined</attrdefs><attrdomv><rdom><rdommin>0</rdommin><rdommax>43.4987</rdommax></rdom></attrdomv><attalias Sync="TRUE">lat_DD</attalias><attrtype Sync="TRUE">Double</attrtype><attwidth Sync="TRUE">19</attwidth><atprecis Sync="TRUE">0</atprecis><attscale Sync="TRUE">0</attscale></attr><attr><attrlabl>long_DD</attrlabl><attrdef>Unknown</attrdef><attrdefs>Producer defined</attrdefs><attrdomv><rdom><rdommin>-96.5412</rdommin><rdommax>0</rdommax></rdom></attrdomv><attalias Sync="TRUE">long_DD</attalias><attrtype Sync="TRUE">Double</attrtype><attwidth Sync="TRUE">19</attwidth><atprecis Sync="TRUE">0</atprecis><attscale Sync="TRUE">0</attscale></attr><attr><attrlabl>state</attrlabl><attrdef>Unknown</attrdef><attrdefs>Producer defined</attrdefs><attrdomv><edom><edomv>{Null Value / Empty Field Entry}</edomv><edomvd>Unknown</edomvd><edomvds>Producer defined</edomvds></edom></attrdomv><attrdomv><edom><edomv>IA</edomv><edomvd>Unknown</edomvd><edomvds>Producer defined</edomvds></edom></attrdomv><attalias Sync="TRUE">state</attalias><attrtype Sync="TRUE">String</attrtype><attwidth Sync="TRUE">2</attwidth><atprecis Sync="TRUE">0</atprecis><attscale Sync="TRUE">0</attscale></attr><attr><attrlabl>county</attrlabl><attrdef>Unknown</attrdef><attrdefs>Producer defined</attrdefs><attrdomv><udom>Unknown</udom></attrdomv><attalias Sync="TRUE">county</attalias><attrtype Sync="TRUE">String</attrtype><attwidth Sync="TRUE">254</attwidth><atprecis Sync="TRUE">0</atprecis><attscale Sync="TRUE">0</attscale></attr><attr><attrlabl>conf_attr</attrlabl><attrdef>Unknown</attrdef><attrdefs>Producer defined</attrdefs><attrdomv><rdom><rdommin>0</rdommin><rdommax>2</rdommax></rdom></attrdomv><attalias Sync="TRUE">conf_attr</attalias><attrtype Sync="TRUE">Integer</attrtype><attwidth Sync="TRUE">5</attwidth><atprecis Sync="TRUE">5</atprecis><attscale Sync="TRUE">0</attscale></attr><attr><attrlabl>conf_loc</attrlabl><attrdef>Unknown</attrdef><attrdefs>Producer defined</attrdefs><attrdomv><rdom><rdommin>0</rdommin><rdommax>2</rdommax></rdom></attrdomv><attalias Sync="TRUE">conf_loc</attalias><attrtype Sync="TRUE">Integer</attrtype><attwidth Sync="TRUE">5</attwidth><atprecis Sync="TRUE">5</atprecis><attscale Sync="TRUE">0</attscale></attr><attr><attrlabl>WENDI_name</attrlabl><attrdef>Unknown</attrdef><attrdefs>Producer defined</attrdefs><attrdomv><udom>Unknown</udom></attrdomv><attalias Sync="TRUE">WENDI_name</attalias><attrtype Sync="TRUE">String</attrtype><attwidth Sync="TRUE">254</attwidth><atprecis Sync="TRUE">0</atprecis><attscale Sync="TRUE">0</attscale></attr><attr><attrlabl>EIA_name</attrlabl><attrdef>Unknown</attrdef><attrdefs>Producer defined</attrdefs><attrdomv><edom><edomv>{Null Value / Empty Field Entry}</edomv><edomvd>Unknown</edomvd><edomvds>Producer defined</edomvds></edom></attrdomv><attrdomv><edom><edomv>AG Land Energy LLC</edomv><edomvd>Unknown</edomvd><edomvds>Producer defined</edomvds></edom></attrdomv><attrdomv><edom><edomv>Allendorf</edomv><edomvd>Unknown</edomvd><edomvds>Producer defined</edomvds></edom></attrdomv><attrdomv><edom><edomv>Century</edomv><edomvd>Unknown</edomvd><edomvds>Producer defined</edomvds></edom></attrdomv><attrdomv><edom><edomv>Flying Cloud Power Partners LLC</edomv><edomvd>Unknown</edomvd><edomvds>Producer defined</edomvds></edom></attrdomv><attrdomv><edom><edomv>GWE LLC</edomv><edomvd>Unknown</edomvd><edomvds>Producer defined</edomvds></edom></attrdomv><attrdomv><edom><edomv>Hancock County Wind Energy Center</edomv><edomvd>Unknown</edomvd><edomvds>Producer defined</edomvds></edom></attrdomv><attrdomv><edom><edomv>Intrepid</edomv><edomvd>Unknown</edomvd><edomvds>Producer defined</edomvds></edom></attrdomv><attrdomv><edom><edomv>Iowa Distributed Wind Generation Project</edomv><edomvd>Unknown</edomvd><edomvds>Producer defined</edomvds></edom></attrdomv><attrdomv><edom><edomv>Little Cedar</edomv><edomvd>Unknown</edomvd><edomvds>Producer defined</edomvds></edom></attrdomv><attrdomv><edom><edomv>Meadow Ridge</edomv><edomvd>Unknown</edomvd><edomvds>Producer defined</edomvds></edom></attrdomv><attrdomv><edom><edomv>Morning Light</edomv><edomvd>Unknown</edomvd><edomvds>Producer defined</edomvds></edom></attrdomv><attrdomv><edom><edomv>Osage</edomv><edomvd>Unknown</edomvd><edomvds>Producer defined</edomvds></edom></attrdomv><attrdomv><edom><edomv>State Fair Wind Education Center</edomv><edomvd>Unknown</edomvd><edomvds>Producer defined</edomvds></edom></attrdomv><attrdomv><edom><edomv>Storm Lake I and II</edomv><edomvd>Unknown</edomvd><edomvds>Producer defined</edomvds></edom></attrdomv><attrdomv><edom><edomv>Top of Iowa Windfarm</edomv><edomvd>Unknown</edomvd><edomvds>Producer defined</edomvds></edom></attrdomv><attrdomv><edom><edomv>Traer Wind</edomv><edomvd>Unknown</edomvd><edomvds>Producer defined</edomvds></edom></attrdomv><attrdomv><edom><edomv>unknown</edomv><edomvd>Unknown</edomvd><edomvds>Producer defined</edomvds></edom></attrdomv><attrdomv><edom><edomv>Victory Wind Farm</edomv><edomvd>Unknown</edomvd><edomvds>Producer defined</edomvds></edom></attrdomv><attrdomv><edom><edomv>Whispering Willow Wind Farm - East</edomv><edomvd>Unknown</edomvd><edomvds>Producer defined</edomvds></edom></attrdomv><attrdomv><edom><edomv>Zachary Ridge LLC</edomv><edomvd>Unknown</edomvd><edomvds>Producer defined</edomvds></edom></attrdomv><attalias Sync="TRUE">EIA_name</attalias><attrtype Sync="TRUE">String</attrtype><attwidth Sync="TRUE">254</attwidth><atprecis Sync="TRUE">0</atprecis><attscale Sync="TRUE">0</attscale></attr><attr><attrlabl>FAA_jdate</attrlabl><attrdef>Unknown</attrdef><attrdefs>Producer defined</attrdefs><attrdomv><rdom><rdommin>-99999</rdommin><rdommax>2013190</rdommax></rdom></attrdomv><attalias Sync="TRUE">FAA_jdate</attalias><attrtype Sync="TRUE">Integer</attrtype><attwidth Sync="TRUE">10</attwidth><atprecis Sync="TRUE">10</atprecis><attscale Sync="TRUE">0</attscale></attr><attr><attrlabl>FAA_AGL</attrlabl><attrdef>Unknown</attrdef><attrdefs>Producer defined</attrdefs><attrdomv><rdom><rdommin>-99999</rdommin><rdommax>178</rdommax></rdom></attrdomv><attalias Sync="TRUE">FAA_AGL</attalias><attrtype Sync="TRUE">Double</attrtype><attwidth Sync="TRUE">19</attwidth><atprecis Sync="TRUE">0</atprecis><attscale Sync="TRUE">0</attscale></attr><attr><attrlabl>FAA_ORS</attrlabl><attrdef>Unknown</attrdef><attrdefs>Producer defined</attrdefs><attrdomv><udom>Unknown</udom></attrdomv><attalias Sync="TRUE">FAA_ORS</attalias><attrtype Sync="TRUE">String</attrtype><attwidth Sync="TRUE">254</attwidth><atprecis Sync="TRUE">0</atprecis><attscale Sync="TRUE">0</attscale></attr><attr><attrlabl>image_name</attrlabl><attrdef>Unknown</attrdef><attrdefs>Producer defined</attrdefs><attrdomv><edom><edomv>{Null Value / Empty Field Entry}</edomv><edomvd>Unknown</edomvd><edomvds>Producer defined</edomvds></edom></attrdomv><attrdomv><edom><edomv>Bing Maps Aerial</edomv><edomvd>Unknown</edomvd><edomvds>Producer defined</edomvds></edom></attrdomv><attrdomv><edom><edomv>Digital Globe</edomv><edomvd>Unknown</edomvd><edomvds>Producer defined</edomvds></edom></attrdomv><attrdomv><edom><edomv>NAIP</edomv><edomvd>Unknown</edomvd><edomvds>Producer defined</edomvds></edom></attrdomv><attalias Sync="TRUE">image_name</attalias><attrtype Sync="TRUE">String</attrtype><attwidth Sync="TRUE">254</attwidth><atprecis Sync="TRUE">0</atprecis><attscale Sync="TRUE">0</attscale></attr><attr><attrlabl>image_year</attrlabl><attrdef>Unknown</attrdef><attrdefs>Producer defined</attrdefs><attrdomv><edom><edomv>{Null Value / Empty Field Entry}</edomv><edomvd>Unknown</edomvd><edomvds>Producer defined</edomvds></edom></attrdomv><attrdomv><edom><edomv>2011</edomv><edomvd>Unknown</edomvd><edomvds>Producer defined</edomvds></edom></attrdomv><attrdomv><edom><edomv>2013</edomv><edomvd>Unknown</edomvd><edomvds>Producer defined</edomvds></edom></attrdomv><attrdomv><edom><edomv>unknown</edomv><edomvd>Unknown</edomvd><edomvds>Producer defined</edomvds></edom></attrdomv><attalias Sync="TRUE">image_year</attalias><attrtype Sync="TRUE">String</attrtype><attwidth Sync="TRUE">254</attwidth><atprecis Sync="TRUE">0</atprecis><attscale Sync="TRUE">0</attscale></attr><attr><attrlabl>comments</attrlabl><attrdef>Unknown</attrdef><attrdefs>Producer defined</attrdefs><attrdomv><udom>Unknown</udom></attrdomv><attalias Sync="TRUE">comments</attalias><attrtype Sync="TRUE">String</attrtype><attwidth Sync="TRUE">254</attwidth><atprecis Sync="TRUE">0</atprecis><attscale Sync="TRUE">0</attscale></attr><attr><attrlabl>RecordType</attrlabl><attrdef>Unknown</attrdef><attrdefs>Producer defined</attrdefs><attrdomv><edom><edomv>FAA</edomv><edomvd>Unknown</edomvd><edomvds>Producer defined</edomvds></edom></attrdomv><attrdomv><edom><edomv>USGS</edomv><edomvd>Unknown</edomvd><edomvds>Producer defined</edomvds></edom></attrdomv><attalias Sync="TRUE">RecordType</attalias><attrtype Sync="TRUE">String</attrtype><attwidth Sync="TRUE">10</attwidth><atprecis Sync="TRUE">0</atprecis><attscale Sync="TRUE">0</attscale></attr></detailed><overview><eaover>The entity and attribute information provided here describes the tabular data associated with the data set. Please review the detailed descriptions that are provided (the individual attribute descriptions) for information on the values that appear as fields/table entries of the data set.</eaover><eadetcit>The entity and attribute information was generated by the individual and/or agency identified as the originator of the data set. Please review the rest of the metadata record for additional details and information.</eadetcit></overview></eainfo><distinfo><distrib><cntinfo><cntorgp><cntorg>ISU GIS Facility</cntorg></cntorgp><cntaddr><addrtype>Physical</addrtype><address>218 Durham Center</address><city>Ames</city><state>IA</state><postal>50011</postal></cntaddr><cntvoice>5152940980</cntvoice></cntinfo></distrib><distliab>Distributor assumes no liability for misuse of data.</distliab></distinfo><metainfo><metd>20170817</metd><metc><cntinfo><cntperp><cntper>Amy Logan</cntper><cntorg>ISU GIS Facility</cntorg></cntperp><cntaddr><addrtype>Physical</addrtype><address>219 Durham Center</address><city>Ames</city><state>IA</state><postal>50011</postal></cntaddr><cntvoice>5152940980</cntvoice><cntemail>amylogan@iastate.edu</cntemail></cntinfo></metc><metstdn>FGDC Content Standard for Digital Geospatial Metadata</metstdn><metstdv>FGDC-STD-001-1998</metstdv></metainfo><dataIdInfo><envirDesc Sync="TRUE"> Version 6.2 (Build 9200) ; Esri ArcGIS 10.4.1.5713</envirDesc><dataLang><languageCode value="eng" Sync="TRUE"></languageCode><countryCode value="USA" Sync="TRUE"></countryCode></dataLang><idCitation><resTitle Sync="TRUE">Wind_Turbines_1981_2017</resTitle><presForm><PresFormCd value="005" Sync="TRUE"></PresFormCd></presForm></idCitation><spatRpType><SpatRepTypCd value="001" Sync="TRUE"></SpatRepTypCd></spatRpType><dataExt><geoEle><GeoBndBox esriExtentType="search"><exTypeCode Sync="TRUE">1</exTypeCode><westBL Sync="TRUE">-96.541162</westBL><eastBL Sync="TRUE">-90.316200</eastBL><northBL Sync="TRUE">43.498662</northBL><southBL Sync="TRUE">40.765114</southBL></GeoBndBox></geoEle></dataExt></dataIdInfo><mdLang><languageCode value="eng" Sync="TRUE"></languageCode><countryCode value="USA" Sync="TRUE"></countryCode></mdLang><Esri><DataProperties><itemProps><itemName Sync="TRUE">Wind_Turbines_1981_2017</itemName><imsContentType Sync="TRUE">002</imsContentType><nativeExtBox><westBL Sync="TRUE">-96.541162</westBL><eastBL Sync="TRUE">-90.316200</eastBL><southBL Sync="TRUE">40.765114</southBL><northBL Sync="TRUE">43.498662</northBL><exTypeCode Sync="TRUE">1</exTypeCode></nativeExtBox><itemSize Sync="TRUE">0.107</itemSize><itemLocation><linkage Sync="TRUE">file://\\my.files.iastate.edu\GIS$\gis\GISF\Projects\BatsTurbines\Data\Updated Wind Turbines\Wind_Turbines_1981_2017.shp</linkage><protocol Sync="TRUE">Local Area Network</protocol></itemLocation></itemProps><coordRef><type Sync="TRUE">Geographic</type><geogcsn Sync="TRUE">GCS_North_American_1983</geogcsn><csUnits Sync="TRUE">Angular Unit: Degree (0.017453)</csUnits><peXml Sync="TRUE">&lt;GeographicCoordinateSystem xsi:type='typens:GeographicCoordinateSystem' xmlns:xsi='http://www.w3.org/2001/XMLSchema-instance' xmlns:xs='http://www.w3.org/2001/XMLSchema' xmlns:typens='http://www.esri.com/schemas/ArcGIS/10.4'&gt;&lt;WKT&gt;GEOGCS[&amp;quot;GCS_North_American_1983&amp;quot;,DATUM[&amp;quot;D_North_American_1983&amp;quot;,SPHEROID[&amp;quot;GRS_1980&amp;quot;,6378137.0,298.257222101]],PRIMEM[&amp;quot;Greenwich&amp;quot;,0.0],UNIT[&amp;quot;Degree&amp;quot;,0.0174532925199433],AUTHORITY[&amp;quot;EPSG&amp;quot;,4269]]&lt;/WKT&gt;&lt;XOrigin&gt;-400&lt;/XOrigin&gt;&lt;YOrigin&gt;-400&lt;/YOrigin&gt;&lt;XYScale&gt;11258999068426.238&lt;/XYScale&gt;&lt;ZOrigin&gt;-100000&lt;/ZOrigin&gt;&lt;ZScale&gt;10000&lt;/ZScale&gt;&lt;MOrigin&gt;-100000&lt;/MOrigin&gt;&lt;MScale&gt;10000&lt;/MScale&gt;&lt;XYTolerance&gt;8.9831528411952133e-009&lt;/XYTolerance&gt;&lt;ZTolerance&gt;0.001&lt;/ZTolerance&gt;&lt;MTolerance&gt;0.001&lt;/MTolerance&gt;&lt;HighPrecision&gt;true&lt;/HighPrecision&gt;&lt;LeftLongitude&gt;-180&lt;/LeftLongitude&gt;&lt;WKID&gt;4269&lt;/WKID&gt;&lt;LatestWKID&gt;4269&lt;/LatestWKID&gt;&lt;/GeographicCoordinateSystem&gt;</peXml></coordRef></DataProperties><SyncDate>20170817</SyncDate><SyncTime>12182400</SyncTime><ModDate>20170817</ModDate><ModTime>12182400</ModTime><CreaDate>20170911</CreaDate><CreaTime>11543800</CreaTime><ArcGISFormat>1.0</ArcGISFormat><ArcGISstyle>FGDC CSDGM Metadata</ArcGISstyle><SyncOnce>TRUE</SyncOnce></Esri><distInfo><distFormat><formatName Sync="TRUE">Shapefile</formatName></distFormat><distTranOps><transSize Sync="TRUE">0.107</transSize></distTranOps></distInfo><mdHrLv><ScopeCd value="005" Sync="TRUE"></ScopeCd></mdHrLv><mdHrLvName Sync="TRUE">dataset</mdHrLvName><refSysInfo><RefSystem><refSysID><identCode code="4269" Sync="TRUE"></identCode><idCodeSpace Sync="TRUE">EPSG</idCodeSpace><idVersion Sync="TRUE">6.12(3.0.1)</idVersion></refSysID></RefSystem></refSysInfo><spatRepInfo><VectSpatRep><geometObjs Name="Wind_Turbines_1981_2017"><geoObjTyp><GeoObjTypCd value="004" Sync="TRUE"></GeoObjTypCd></geoObjTyp><geoObjCnt Sync="TRUE">4005</geoObjCnt></geometObjs><topLvl><TopoLevCd value="001" Sync="TRUE"></TopoLevCd></topLvl></VectSpatRep></spatRepInfo><mdDateSt Sync="TRUE">20170817</mdDateSt></metadata>
