Name,Address,City,State,Zipcode,Phone
Algona Family YMCA,2101 E McGregor St,Algona,IA,50511,515-295-7701
Nishna Valley Family YMCA,1100 Maple St,Atlantic,IA,50022,712-243-3934
Camp Abe Lincoln,1624 W. Front St,Blue Grass,IA,52726,563-381-3053
Burlington Area Community YMCA-YWCA,2410 Mount Pleasant St,Burlington,IA,52601,319-753-6734
     Stoney Point YMCA,300 Stony Point Rd SW,Cedar Rapids,IA,52404,319-390-3488
     Cedar Rapids Metro YMCA,207 7th Ave SE,Cedar Rapids,IA,52401,319-366-6421
     YMCA Marion ,3100 10th Ave,Marion,IA,52302,319-377-7361
Council Bluffs Branch YMCA,7 S 4th St,Council Bluff,IA,51503,712-322-6606
Southern Prairie YMCA,1201 W Townline St,Creston,IA,50801,641-782-9622
     North Family Branch YMCA ,624 W 53rd St,Davenport,IA,52806,563-391-7771
     Davenport Family YMCA,606 W 2nd St,Davenport,IA,52801,563-322-7171
     West Family YMCA ,3503 W Locust St,Davenport,IA,52804,563-386-4414
     Bettendorf Family YMCA,3800 Tanglefoot Lane,Bettendorf,IA,52722,563-359-9622
     Waukee Family YMCA,210 N Warrior Lane,Waukee,IA,50263,515-987-9996
     Supportive Housing Campus,2 SW 9th St,Des Moines,IA,50309,515-288-2424
     Ankeny Family YMCA,1102 N Ankeny Blvd,Ankeny,IA,50023,515-965-8800
     Boone County Family YMCA,608 Carroll St,Boone,IA,50036,515-432-5925
     Y Camp,1192 166th Dr,Boone,IA,50036,515-432-7558
     YMCA Healthy Living Center ,12493 University Ave,Clive,IA,50325,515-226-9622
     Wellmark YMCA,501 Grand Ave,Des Moines,IA,50309,515-282-9622
     Indianola Family YMCA,306 E. Scenic Valley Ave,Indianola,IA,50125,515-777-7746
     Walnut Creek Family YMCA,948 73rd St,Windsor Heights,IA,50324,515-224-1888
     Northwest YMCA,410 SE Main St,Grimes ,IA,50111,515-986-4464
     John R Grubb YMCA,1611 11th St,Des Moines,IA,50314,515-246-0791
     South Surburan YMCA,401 E Army Post Rd,Des Moines,IA,50315,515-285-0444
YMCA of Forest City,916 West I St,Forest City,IA,50436,641-585-5220
Fort Madison Family YMCA,220 26th St,Fort Madison,IA,52627,319-372-2403
Mills County YMCA,110 Sivers Rd,Glenwood,IA,51534,712-527-4352
Grundy Family YMCA,1006 M Avenue,Grundy Center,IA,50638,319-825-6210
Keokuk YMCA ,2126 Plank Rd,Keokuk,IA,52632,319-524-6724
Le Mars Area Family YMCA,241 12th St SE,Le Mars,IA,51031,712-546-6655
Maquoketa Area Family YMCA,500 E Summit St,Maquoketa,IA,52060,563-652-6566
YMCA of Marshalltown ,108 Washington St,Marshalltown,IA,50158,641-752-8658
Mason City Family YMCA,1840 S Monroe Ave,Mason City,IA,50401,641-422-5999
Muscatine Community YMCA,1823 Logan St,Muscatine ,IA,52761,563-263-9996
YMCA of Newton Iowa,1701 S 8th Ave E,Newton,IA,50208,641-792-4006
Mahaska County YMCA ,414 N Third Street,Oskaloosa,IA,52577,641-673-8411
YMCA of Ottumwa ,611 N Hancock St,Ottumwa,IA,52501,641-684-6571
YMCA of Northeast Iowa,PO Box 268,Postville,IA,52162,563-864-9622
Montgomery County Family YMCA,101 E Cherry St,Red Oak,IA,51566,712-623-2161
Spencer Family YMCA,1001 11th Ave W,Spencer,IA,51301,712-262-3782
Bedell Family YMCA,1900 41st St,Spirit Lake,IA,51360,712-336-9622
Camp Foster YMCA ,1900 41st St,Spirit Lake,IA,51360,712-336-9622
YMCA of Washington County,121 E Main St,Washington,IA,52353,319-653-2141
Family YMCA of Black Hawk County ,669 S Hackett Rd,Waterloo,IA,50701,319-233-3531
