<?xml version="1.0" encoding="UTF-8"?>
<metadata xml:lang="en"><Esri><CreaDate>20220809</CreaDate><CreaTime>14474000</CreaTime><ArcGISFormat>1.0</ArcGISFormat><SyncOnce>TRUE</SyncOnce><DataProperties><lineage><Process ToolSource="c:\users\kelzi\appdata\local\programs\arcgis\pro\Resources\ArcToolbox\toolboxes\Data Management Tools.tbx\JoinField" Date="20220809" Time="144740">JoinField City CITY_NAME grocery_stores.csv City #</Process><Process ToolSource="c:\users\kelzi\appdata\local\programs\arcgis\pro\Resources\ArcToolbox\toolboxes\Data Management Tools.tbx\UpdateSchema" Date="20220809" Time="145157">UpdateSchema "CIMDATA=&lt;CIMStandardDataConnection xsi:type='typens:CIMStandardDataConnection' xmlns:xsi='http://www.w3.org/2001/XMLSchema-instance' xmlns:xs='http://www.w3.org/2001/XMLSchema' xmlns:typens='http://www.esri.com/schemas/ArcGIS/2.9.0'&gt;&lt;WorkspaceConnectionString&gt;DATABASE=C:\Users\kelzi\Box\Task Sheets\Working On\GISTP 0012 ArcGIS Pro ArcGIS and Python\GISTP0012&lt;/WorkspaceConnectionString&gt;&lt;WorkspaceFactory&gt;Shapefile&lt;/WorkspaceFactory&gt;&lt;Dataset&gt;City.shp&lt;/Dataset&gt;&lt;DatasetType&gt;esriDTFeatureClass&lt;/DatasetType&gt;&lt;/CIMStandardDataConnection&gt;" &lt;operationSequence&gt;&lt;workflow&gt;&lt;DeleteField&gt;&lt;field_name&gt;Object_ID&lt;/field_name&gt;&lt;field_name&gt;Business_N&lt;/field_name&gt;&lt;field_name&gt;Address&lt;/field_name&gt;&lt;field_name&gt;City&lt;/field_name&gt;&lt;field_name&gt;State&lt;/field_name&gt;&lt;field_name&gt;ZIP_Code&lt;/field_name&gt;&lt;field_name&gt;NAICS_Base&lt;/field_name&gt;&lt;field_name&gt;SIC_Code&lt;/field_name&gt;&lt;field_name&gt;Number_of_&lt;/field_name&gt;&lt;field_name&gt;Sales_Volu&lt;/field_name&gt;&lt;field_name&gt;Descriptio&lt;/field_name&gt;&lt;field_name&gt;Latitude&lt;/field_name&gt;&lt;field_name&gt;Longitude&lt;/field_name&gt;&lt;field_name&gt;x&lt;/field_name&gt;&lt;field_name&gt;y&lt;/field_name&gt;&lt;field_name&gt;ObjectId_1&lt;/field_name&gt;&lt;/DeleteField&gt;&lt;/workflow&gt;&lt;/operationSequence&gt;</Process></lineage></DataProperties></Esri></metadata>
