<?xml version="1.0" encoding="UTF-8"?>
<metadata xml:lang="en"><Esri><SyncDate>20040727</SyncDate><SyncTime>15572800</SyncTime><ModDate>20040727</ModDate><ModTime>15572800</ModTime></Esri><idinfo><citation><citeinfo><origin>Joost Korpel, Calvin Wolter and Michael Bounk</origin><pubdate>08/31/92</pubdate><pubinfo><pubplace>Iowa City, IA</pubplace><publish>IDNR - Iowa Geological Survey</publish></pubinfo><title>Rivers and Streams of Cedar County, Iowa</title><ftname Sync="TRUE">rivers_16</ftname><geoform Sync="TRUE">vector digital data</geoform><onlink>ftp://ftp.igsb.uiowa.edu/gis_library/Counties/Cedar/rivers_16.zip</onlink><edition>05/19/2000</edition><onlink>http://www.igsb.uiowa.edu/nrgislibx</onlink></citeinfo><datacred>Joost Korpel, Calvin Wolter and Michael Bounk</datacred><native>PC ARC/INFO 3.4D</native></citation><descript><abstract>This coverage contains arcs representing theriver system  and water bodies for CEDAR County. This coverage was developed  from the USEPA's REACH FILE 3 data system. Graphic elements for this  coverage are from 1:100,000 scale digital line graphs (DLG) files  from the USGS. Attibute data for each arc were added by USEPA   contractors. Rivers were originally subdivided by river basin, but currently are merged and clipped by county. The RF3 data files were an interim version with many errors and incomplete attributes and documentation.  A new version of this file from the improved RF3 data  will be eventually produced. </abstract><purpose>This digital, geographically referenced data set was developed by the Iowa Department of Natural Resources to carry out agency responsibilities related to management, protection, and development of Iowa's natural resources.</purpose><langdata Sync="TRUE">en</langdata></descript><timeperd><current>publication date</current><timeinfo><sngdate><caldate>06/01/95</caldate></sngdate></timeinfo></timeperd><status><progress>Complete</progress><update>None planned</update></status><keywords><theme><themekt>None</themekt><themekey>Rivers; Streams; hydrology</themekey></theme><place><placekey>Cedar County, Iowa</placekey></place></keywords><accconst>None</accconst><useconst>None</useconst><ptcontac><cntinfo><cntperp><cntper>Calvin F. Wolter</cntper><cntorg>Iowa Department of Natural Resources</cntorg></cntperp><cntaddr><address>109 Trowbridge Hall</address><city>Iowa City</city><state>IA</state><postal>52242-1319</postal></cntaddr></cntinfo></ptcontac><natvform Sync="TRUE">Shapefile</natvform><spdom><lboundng><leftbc Sync="TRUE">635477.500000</leftbc><rightbc Sync="TRUE">674968.187500</rightbc><bottombc Sync="TRUE">4606489.500000</bottombc><topbc Sync="TRUE">4645942.000000</topbc></lboundng><bounding><westbc Sync="TRUE">-91.374349</westbc><eastbc Sync="TRUE">-90.889141</eastbc><northbc Sync="TRUE">41.953828</northbc><southbc Sync="TRUE">41.590948</southbc></bounding></spdom><native Sync="TRUE">Microsoft Windows 2000 Version 5.0 (Build 2195) Service Pack 4; ESRI ArcCatalog 8.3.0.800</native></idinfo><dataqual><posacc><horizpa><horizpar>The positional accuracy of the coverage coordinates is  a deductive estimate based on possible errors that may have occurred during each production step.  These errors include source of data, digitization, and processing.  The accuracy is estimated to be 52 meters using a root-sum-square error calculation. </horizpar></horizpa></posacc><lineage><srcinfo>Reach File 3, Documentation, Horizons Inc.;  Digital Line Graphs from 1:100,000-scale Maps, Data Users Guide 2, USGS, 1989.<srcscale>100,000</srcscale><typesrc>Electronic Files</typesrc></srcinfo><procstep>original conversion<procdesc>RF3 data files were supplied in ARC/INFO format.  County coverages were created by appending adjacent basins together and clipping county outlines with the NRGIS coverage COUNTY</procdesc></procstep></lineage></dataqual><eainfo><overview><eaover>LENGTH: Length of the arc in meters   RIVERS16_: Internal arc identifier   RIVERS16_ID:  User assigned identifier   CU: Cataloging unit   SEG: Segment number   MILES: Mile point marker index UP:  DOWN:   UPMI: Upstream mile point marker index RFLAG: Reach flag (0,1)   OWFLAG: Open water flag (0,1) TFLAG: Terminal flag (0,1) SFLAG: Start flag (0,1)  REACHTYPE:    Reach type code     A: Artificial Lake Reach      B: Bi-Directional Reach      C: Continental Coastline Reach      E: Entry Reach      F: Falls Reach      G: Great Lakes Shoreline Reach      H: Headwater Lake Reach      I: Island Shoreline Reach      J: Braided Stream Envelop      L: Lake Shoreline Reach      M: Artificial Wide River Reach (non-lake)      N: Isolated Stream Reach      O: Apparent Limit Reach      P: Indefinite or Intermittent Shoreline Reach   Q: Questionable Shoreline Reach      R: Regular Reach          S: Start Reach      T: Terminal Reach      U: Unknown Reach      V: Open Water Terminal Reach      W: Wide River Shoreline Segment      X: Terminal/Start Reach       Y: International Boundary Reach      Z: Terminal/Entry Reach   LEVEL: Stream Level (1-10)   JUNC: Level of downstream reach (1-10) DIVERGENCE: Divergence code   Divergence Code   0: Not part of a divergent junction   1: Input reach where minor reach is downstream left   2: Input reach where minor reach is downstream right   3: Minor reach of a divergence   4: Combination of divergence values 1 and 3   5: Combination of divergence values 2 and 3   6: Major reach of a divergence   7: Combination of divergence values 1 and 6   8: Combination of divergence values 2 and 6 USDIR: Upstream direction of main path (L,R) TERMID: Terminal stream ID TRMBLV: Terminal base level     PNAME: Primary name   PNMCD: Primary name code CNAME: Complement name   CNMCD: Complement name code OWNAME: Open water name   OWNMCD: Open water name code DSCU: Downstream cataloging unit DSSEG: Downstream segment number DSMI: Downstream marker index CCU: Complement cataloging number CSEG: Complement segment number CMILE: Complement marker index CDIR: Complement direction ULCU: Upstream left cataloging unit ULSEG: Upstream left segment number ULMI: Upstream left marker index URCU: Upstream right cataloging unit URSEG: Upstream right segment number URMI: Upstream right marker index SEGL: Reach length (miles)   RFORGFLAG: RF origin flag (1,2,3) ALTPNMCD: Alternate primary name code ALTOWNMC: Alternate open water name code DLAT: Downstream latitude DLONG: Downstream longitude ULAT: Upstream latitude ULONG: Upstream longitude MINLAT: Minimum latitude MINLONG: Minimum longitude MAXLAT: Maximum latitude MAXLONG: Maximum longitude LN1AT2: DLG line attribute 1   LN2AT2: DLG line attribute 2   AR1AT2: DLG area attribute   AR2AT4: DLG area attribute   AR2AT2: DLG area attribute   AR2AT4: DLG area attribute UPDATE1: Update date #1 (mmddyy) UPDTCD1: Update type code #1 UPDTSRC1: Update sourec #1 UPDATE2: Update date #2 (mmddyy) UPDTCD2: Update type code #2 UPDTSCR2: Update source #2 UPDATE3: Update date #3 (mmddyy) UPDTCD3: Update type code #3 UPDTSCR3: Update source #3 DIVCU: Divergent cataloging unit DIVSEG: Divergent segment number DIVMI: Divergent marker index NAMESOUR: Primary name source (USGS,STATE,EPA,DNR) <eadetcit>None</eadetcit></eaover></overview><detailed Name="rivers_16"><enttyp><enttypl Sync="TRUE">rivers_16</enttypl><enttypt Sync="TRUE">Feature Class</enttypt><enttypc Sync="TRUE">584</enttypc></enttyp><attr><attrlabl Sync="TRUE">FID</attrlabl><attalias Sync="TRUE">FID</attalias><attrtype Sync="TRUE">OID</attrtype><attwidth Sync="TRUE">4</attwidth><atprecis Sync="TRUE">0</atprecis><attscale Sync="TRUE">0</attscale><attrdef Sync="TRUE">Internal feature number.</attrdef><attrdefs Sync="TRUE">ESRI</attrdefs><attrdomv><udom Sync="TRUE">Sequential unique whole numbers that are automatically generated.</udom></attrdomv></attr><attr><attrlabl Sync="TRUE">Shape</attrlabl><attalias Sync="TRUE">Shape</attalias><attrtype Sync="TRUE">Geometry</attrtype><attwidth Sync="TRUE">0</attwidth><atprecis Sync="TRUE">0</atprecis><attscale Sync="TRUE">0</attscale><attrdef Sync="TRUE">Feature geometry.</attrdef><attrdefs Sync="TRUE">ESRI</attrdefs><attrdomv><udom Sync="TRUE">Coordinates defining the features.</udom></attrdomv></attr><attr><attrlabl Sync="TRUE">FNODE_</attrlabl><attalias Sync="TRUE">FNODE_</attalias><attrtype Sync="TRUE">Number</attrtype><attwidth Sync="TRUE">11</attwidth></attr><attr><attrlabl Sync="TRUE">TNODE_</attrlabl><attalias Sync="TRUE">TNODE_</attalias><attrtype Sync="TRUE">Number</attrtype><attwidth Sync="TRUE">11</attwidth></attr><attr><attrlabl Sync="TRUE">LPOLY_</attrlabl><attalias Sync="TRUE">LPOLY_</attalias><attrtype Sync="TRUE">Number</attrtype><attwidth Sync="TRUE">11</attwidth></attr><attr><attrlabl Sync="TRUE">RPOLY_</attrlabl><attalias Sync="TRUE">RPOLY_</attalias><attrtype Sync="TRUE">Number</attrtype><attwidth Sync="TRUE">11</attwidth></attr><attr><attrlabl Sync="TRUE">LENGTH</attrlabl><attalias Sync="TRUE">LENGTH</attalias><attrtype Sync="TRUE">Number</attrtype><attwidth Sync="TRUE">13</attwidth><atnumdec Sync="TRUE">6</atnumdec></attr><attr><attrlabl Sync="TRUE">RIVERS16_</attrlabl><attalias Sync="TRUE">RIVERS16_</attalias><attrtype Sync="TRUE">Number</attrtype><attwidth Sync="TRUE">11</attwidth></attr><attr><attrlabl Sync="TRUE">RIVERS16_I</attrlabl><attalias Sync="TRUE">RIVERS16_I</attalias><attrtype Sync="TRUE">Number</attrtype><attwidth Sync="TRUE">11</attwidth></attr><attr><attrlabl Sync="TRUE">CU</attrlabl><attalias Sync="TRUE">CU</attalias><attrtype Sync="TRUE">Number</attrtype><attwidth Sync="TRUE">8</attwidth></attr><attr><attrlabl Sync="TRUE">SEG</attrlabl><attalias Sync="TRUE">SEG</attalias><attrtype Sync="TRUE">Number</attrtype><attwidth Sync="TRUE">4</attwidth></attr><attr><attrlabl Sync="TRUE">MILE</attrlabl><attalias Sync="TRUE">MILE</attalias><attrtype Sync="TRUE">Number</attrtype><attwidth Sync="TRUE">5</attwidth><atnumdec Sync="TRUE">2</atnumdec></attr><attr><attrlabl Sync="TRUE">UP</attrlabl><attalias Sync="TRUE">UP</attalias><attrtype Sync="TRUE">Number</attrtype><attwidth Sync="TRUE">11</attwidth></attr><attr><attrlabl Sync="TRUE">DOWN</attrlabl><attalias Sync="TRUE">DOWN</attalias><attrtype Sync="TRUE">Number</attrtype><attwidth Sync="TRUE">11</attwidth></attr><attr><attrlabl Sync="TRUE">UPMI</attrlabl><attalias Sync="TRUE">UPMI</attalias><attrtype Sync="TRUE">Number</attrtype><attwidth Sync="TRUE">5</attwidth><atnumdec Sync="TRUE">2</atnumdec></attr><attr><attrlabl Sync="TRUE">RFLAG</attrlabl><attalias Sync="TRUE">RFLAG</attalias><attrtype Sync="TRUE">String</attrtype><attwidth Sync="TRUE">1</attwidth></attr><attr><attrlabl Sync="TRUE">OWFLAG</attrlabl><attalias Sync="TRUE">OWFLAG</attalias><attrtype Sync="TRUE">String</attrtype><attwidth Sync="TRUE">1</attwidth></attr><attr><attrlabl Sync="TRUE">TFLAG</attrlabl><attalias Sync="TRUE">TFLAG</attalias><attrtype Sync="TRUE">String</attrtype><attwidth Sync="TRUE">1</attwidth></attr><attr><attrlabl Sync="TRUE">SFLAG</attrlabl><attalias Sync="TRUE">SFLAG</attalias><attrtype Sync="TRUE">String</attrtype><attwidth Sync="TRUE">1</attwidth></attr><attr><attrlabl Sync="TRUE">REACHTYPE</attrlabl><attalias Sync="TRUE">REACHTYPE</attalias><attrtype Sync="TRUE">String</attrtype><attwidth Sync="TRUE">1</attwidth></attr><attr><attrlabl Sync="TRUE">LEVEL</attrlabl><attalias Sync="TRUE">LEVEL</attalias><attrtype Sync="TRUE">Number</attrtype><attwidth Sync="TRUE">2</attwidth></attr><attr><attrlabl Sync="TRUE">JUNC</attrlabl><attalias Sync="TRUE">JUNC</attalias><attrtype Sync="TRUE">Number</attrtype><attwidth Sync="TRUE">2</attwidth></attr><attr><attrlabl Sync="TRUE">DIVERGENCE</attrlabl><attalias Sync="TRUE">DIVERGENCE</attalias><attrtype Sync="TRUE">Number</attrtype><attwidth Sync="TRUE">1</attwidth></attr><attr><attrlabl Sync="TRUE">USDIR</attrlabl><attalias Sync="TRUE">USDIR</attalias><attrtype Sync="TRUE">String</attrtype><attwidth Sync="TRUE">1</attwidth></attr><attr><attrlabl Sync="TRUE">TERMID</attrlabl><attalias Sync="TRUE">TERMID</attalias><attrtype Sync="TRUE">Number</attrtype><attwidth Sync="TRUE">5</attwidth></attr><attr><attrlabl Sync="TRUE">TRMBLV</attrlabl><attalias Sync="TRUE">TRMBLV</attalias><attrtype Sync="TRUE">Number</attrtype><attwidth Sync="TRUE">1</attwidth></attr><attr><attrlabl Sync="TRUE">PNAME</attrlabl><attalias Sync="TRUE">PNAME</attalias><attrtype Sync="TRUE">String</attrtype><attwidth Sync="TRUE">30</attwidth></attr><attr><attrlabl Sync="TRUE">PNMCD</attrlabl><attalias Sync="TRUE">PNMCD</attalias><attrtype Sync="TRUE">String</attrtype><attwidth Sync="TRUE">11</attwidth></attr><attr><attrlabl Sync="TRUE">CNAME</attrlabl><attalias Sync="TRUE">CNAME</attalias><attrtype Sync="TRUE">String</attrtype><attwidth Sync="TRUE">30</attwidth></attr><attr><attrlabl Sync="TRUE">CNMCD</attrlabl><attalias Sync="TRUE">CNMCD</attalias><attrtype Sync="TRUE">String</attrtype><attwidth Sync="TRUE">11</attwidth></attr><attr><attrlabl Sync="TRUE">OWNAME</attrlabl><attalias Sync="TRUE">OWNAME</attalias><attrtype Sync="TRUE">String</attrtype><attwidth Sync="TRUE">30</attwidth></attr><attr><attrlabl Sync="TRUE">OWNMCD</attrlabl><attalias Sync="TRUE">OWNMCD</attalias><attrtype Sync="TRUE">String</attrtype><attwidth Sync="TRUE">11</attwidth></attr><attr><attrlabl Sync="TRUE">DSCU</attrlabl><attalias Sync="TRUE">DSCU</attalias><attrtype Sync="TRUE">Number</attrtype><attwidth Sync="TRUE">8</attwidth></attr><attr><attrlabl Sync="TRUE">DSSEG</attrlabl><attalias Sync="TRUE">DSSEG</attalias><attrtype Sync="TRUE">Number</attrtype><attwidth Sync="TRUE">4</attwidth></attr><attr><attrlabl Sync="TRUE">DSMI</attrlabl><attalias Sync="TRUE">DSMI</attalias><attrtype Sync="TRUE">Number</attrtype><attwidth Sync="TRUE">5</attwidth><atnumdec Sync="TRUE">2</atnumdec></attr><attr><attrlabl Sync="TRUE">CCU</attrlabl><attalias Sync="TRUE">CCU</attalias><attrtype Sync="TRUE">Number</attrtype><attwidth Sync="TRUE">8</attwidth></attr><attr><attrlabl Sync="TRUE">CSEG</attrlabl><attalias Sync="TRUE">CSEG</attalias><attrtype Sync="TRUE">Number</attrtype><attwidth Sync="TRUE">4</attwidth></attr><attr><attrlabl Sync="TRUE">CMILE</attrlabl><attalias Sync="TRUE">CMILE</attalias><attrtype Sync="TRUE">Number</attrtype><attwidth Sync="TRUE">5</attwidth><atnumdec Sync="TRUE">2</atnumdec></attr><attr><attrlabl Sync="TRUE">CDIR</attrlabl><attalias Sync="TRUE">CDIR</attalias><attrtype Sync="TRUE">String</attrtype><attwidth Sync="TRUE">1</attwidth></attr><attr><attrlabl Sync="TRUE">ULCU</attrlabl><attalias Sync="TRUE">ULCU</attalias><attrtype Sync="TRUE">Number</attrtype><attwidth Sync="TRUE">8</attwidth></attr><attr><attrlabl Sync="TRUE">ULSEG</attrlabl><attalias Sync="TRUE">ULSEG</attalias><attrtype Sync="TRUE">Number</attrtype><attwidth Sync="TRUE">4</attwidth></attr><attr><attrlabl Sync="TRUE">ULMI</attrlabl><attalias Sync="TRUE">ULMI</attalias><attrtype Sync="TRUE">Number</attrtype><attwidth Sync="TRUE">5</attwidth><atnumdec Sync="TRUE">2</atnumdec></attr><attr><attrlabl Sync="TRUE">URCU</attrlabl><attalias Sync="TRUE">URCU</attalias><attrtype Sync="TRUE">Number</attrtype><attwidth Sync="TRUE">8</attwidth></attr><attr><attrlabl Sync="TRUE">URSEG</attrlabl><attalias Sync="TRUE">URSEG</attalias><attrtype Sync="TRUE">Number</attrtype><attwidth Sync="TRUE">4</attwidth></attr><attr><attrlabl Sync="TRUE">URMI</attrlabl><attalias Sync="TRUE">URMI</attalias><attrtype Sync="TRUE">Number</attrtype><attwidth Sync="TRUE">5</attwidth><atnumdec Sync="TRUE">2</atnumdec></attr><attr><attrlabl Sync="TRUE">SEGL</attrlabl><attalias Sync="TRUE">SEGL</attalias><attrtype Sync="TRUE">Number</attrtype><attwidth Sync="TRUE">6</attwidth><atnumdec Sync="TRUE">2</atnumdec></attr><attr><attrlabl Sync="TRUE">RFORGFLAG</attrlabl><attalias Sync="TRUE">RFORGFLAG</attalias><attrtype Sync="TRUE">Number</attrtype><attwidth Sync="TRUE">1</attwidth></attr><attr><attrlabl Sync="TRUE">ALTPNMCD</attrlabl><attalias Sync="TRUE">ALTPNMCD</attalias><attrtype Sync="TRUE">Number</attrtype><attwidth Sync="TRUE">8</attwidth></attr><attr><attrlabl Sync="TRUE">ALTOWNMC</attrlabl><attalias Sync="TRUE">ALTOWNMC</attalias><attrtype Sync="TRUE">Number</attrtype><attwidth Sync="TRUE">8</attwidth></attr><attr><attrlabl Sync="TRUE">DLAT</attrlabl><attalias Sync="TRUE">DLAT</attalias><attrtype Sync="TRUE">Number</attrtype><attwidth Sync="TRUE">8</attwidth><atnumdec Sync="TRUE">4</atnumdec></attr><attr><attrlabl Sync="TRUE">DLONG</attrlabl><attalias Sync="TRUE">DLONG</attalias><attrtype Sync="TRUE">Number</attrtype><attwidth Sync="TRUE">8</attwidth><atnumdec Sync="TRUE">4</atnumdec></attr><attr><attrlabl Sync="TRUE">ULAT</attrlabl><attalias Sync="TRUE">ULAT</attalias><attrtype Sync="TRUE">Number</attrtype><attwidth Sync="TRUE">8</attwidth><atnumdec Sync="TRUE">4</atnumdec></attr><attr><attrlabl Sync="TRUE">ULONG</attrlabl><attalias Sync="TRUE">ULONG</attalias><attrtype Sync="TRUE">Number</attrtype><attwidth Sync="TRUE">8</attwidth><atnumdec Sync="TRUE">4</atnumdec></attr><attr><attrlabl Sync="TRUE">MINLAT</attrlabl><attalias Sync="TRUE">MINLAT</attalias><attrtype Sync="TRUE">Number</attrtype><attwidth Sync="TRUE">8</attwidth><atnumdec Sync="TRUE">4</atnumdec></attr><attr><attrlabl Sync="TRUE">MINLONG</attrlabl><attalias Sync="TRUE">MINLONG</attalias><attrtype Sync="TRUE">Number</attrtype><attwidth Sync="TRUE">8</attwidth><atnumdec Sync="TRUE">4</atnumdec></attr><attr><attrlabl Sync="TRUE">MAXLAT</attrlabl><attalias Sync="TRUE">MAXLAT</attalias><attrtype Sync="TRUE">Number</attrtype><attwidth Sync="TRUE">8</attwidth><atnumdec Sync="TRUE">4</atnumdec></attr><attr><attrlabl Sync="TRUE">MAXLONG</attrlabl><attalias Sync="TRUE">MAXLONG</attalias><attrtype Sync="TRUE">Number</attrtype><attwidth Sync="TRUE">8</attwidth><atnumdec Sync="TRUE">4</atnumdec></attr><attr><attrlabl Sync="TRUE">LN1AT2</attrlabl><attalias Sync="TRUE">LN1AT2</attalias><attrtype Sync="TRUE">Number</attrtype><attwidth Sync="TRUE">4</attwidth></attr><attr><attrlabl Sync="TRUE">LN2AT2</attrlabl><attalias Sync="TRUE">LN2AT2</attalias><attrtype Sync="TRUE">Number</attrtype><attwidth Sync="TRUE">4</attwidth></attr><attr><attrlabl Sync="TRUE">AR1AT2</attrlabl><attalias Sync="TRUE">AR1AT2</attalias><attrtype Sync="TRUE">Number</attrtype><attwidth Sync="TRUE">4</attwidth></attr><attr><attrlabl Sync="TRUE">AR1AT4</attrlabl><attalias Sync="TRUE">AR1AT4</attalias><attrtype Sync="TRUE">Number</attrtype><attwidth Sync="TRUE">4</attwidth></attr><attr><attrlabl Sync="TRUE">AR2AT2</attrlabl><attalias Sync="TRUE">AR2AT2</attalias><attrtype Sync="TRUE">Number</attrtype><attwidth Sync="TRUE">4</attwidth></attr><attr><attrlabl Sync="TRUE">AR2AT4</attrlabl><attalias Sync="TRUE">AR2AT4</attalias><attrtype Sync="TRUE">Number</attrtype><attwidth Sync="TRUE">4</attwidth></attr><attr><attrlabl Sync="TRUE">UPDATE1</attrlabl><attalias Sync="TRUE">UPDATE1</attalias><attrtype Sync="TRUE">String</attrtype><attwidth Sync="TRUE">6</attwidth></attr><attr><attrlabl Sync="TRUE">UPDTCD1</attrlabl><attalias Sync="TRUE">UPDTCD1</attalias><attrtype Sync="TRUE">String</attrtype><attwidth Sync="TRUE">8</attwidth></attr><attr><attrlabl Sync="TRUE">UPDTSRC1</attrlabl><attalias Sync="TRUE">UPDTSRC1</attalias><attrtype Sync="TRUE">String</attrtype><attwidth Sync="TRUE">8</attwidth></attr><attr><attrlabl Sync="TRUE">UPDATE2</attrlabl><attalias Sync="TRUE">UPDATE2</attalias><attrtype Sync="TRUE">String</attrtype><attwidth Sync="TRUE">6</attwidth></attr><attr><attrlabl Sync="TRUE">UPDTCD2</attrlabl><attalias Sync="TRUE">UPDTCD2</attalias><attrtype Sync="TRUE">String</attrtype><attwidth Sync="TRUE">8</attwidth></attr><attr><attrlabl Sync="TRUE">UPDTSRC2</attrlabl><attalias Sync="TRUE">UPDTSRC2</attalias><attrtype Sync="TRUE">String</attrtype><attwidth Sync="TRUE">8</attwidth></attr><attr><attrlabl Sync="TRUE">UPDATE3</attrlabl><attalias Sync="TRUE">UPDATE3</attalias><attrtype Sync="TRUE">String</attrtype><attwidth Sync="TRUE">6</attwidth></attr><attr><attrlabl Sync="TRUE">UPDTCD3</attrlabl><attalias Sync="TRUE">UPDTCD3</attalias><attrtype Sync="TRUE">String</attrtype><attwidth Sync="TRUE">8</attwidth></attr><attr><attrlabl Sync="TRUE">UPDTSRC3</attrlabl><attalias Sync="TRUE">UPDTSRC3</attalias><attrtype Sync="TRUE">String</attrtype><attwidth Sync="TRUE">8</attwidth></attr><attr><attrlabl Sync="TRUE">DIVCU</attrlabl><attalias Sync="TRUE">DIVCU</attalias><attrtype Sync="TRUE">Number</attrtype><attwidth Sync="TRUE">8</attwidth></attr><attr><attrlabl Sync="TRUE">DIVSEG</attrlabl><attalias Sync="TRUE">DIVSEG</attalias><attrtype Sync="TRUE">Number</attrtype><attwidth Sync="TRUE">4</attwidth></attr><attr><attrlabl Sync="TRUE">DIVMI</attrlabl><attalias Sync="TRUE">DIVMI</attalias><attrtype Sync="TRUE">Number</attrtype><attwidth Sync="TRUE">5</attwidth><atnumdec Sync="TRUE">2</atnumdec></attr><attr><attrlabl Sync="TRUE">NAMESOUR</attrlabl><attalias Sync="TRUE">NAMESOUR</attalias><attrtype Sync="TRUE">String</attrtype><attwidth Sync="TRUE">6</attwidth></attr></detailed></eainfo><distinfo><distrib>Iowa Department of Natural Resources<cntinfo><cntorgp><cntorg>Iowa Geological Survey </cntorg><cntper>Casey Kohrt</cntper></cntorgp><cntpos>Geologist; GIS Librarian</cntpos><cntvoice>319-335-1353</cntvoice><cntemail>gis_library@igsb.uiowa.edu</cntemail></cntinfo></distrib><resdesc>rivers_16</resdesc><distliab>This digital, geographically referenced data set was developed by the Iowa Department of Natural Resources to carry out agency responsibilities related to management, protection, and development of Iowa's natural resources.  It resides in the Natural Resources Geographic Information System library. Although efforts have been made to make it useful to the Department, the Department assumes no responsibility for errors in the information.  Similarly the Department assumes no responsibility for the consequences of inappropriate uses or interpretations of the data made by anyone to whom this data has been made available.  The Department bears no responsibility to inform users of any changes made to this data.  Anyone using this data is advised that precision implied by the coverage may far exceed actual precision.  Comments on this data are invited and the Department would appreciate that documented errors be brought to staff attention.  The development of the coverages in the NRGIS Library represents a major investment of staff time and effort.  As a professional responsibility, we expect that the Iowa DNR will receive proper credit when you utilize these GIS coverages and that the original documentation will remain with any redistribution of these coverages.</distliab><stdorder><digform><digtinfo>Shapefile<formverd>06/01/95</formverd><transize Sync="TRUE">0.657</transize><dssize Sync="TRUE">0.657</dssize></digtinfo><digtopt><onlinopt><computer><networka><networkr>ftp://ftp.igsb.uiowa.edu/GIS_library/Counties/Cedar/rivers_16.zip</networkr><networkr>http://www.igsb.uiowa.edu/nrgislibx/ </networkr></networka></computer></onlinopt></digtopt></digform></stdorder></distinfo><metainfo><metc><cntinfo><cntorgp><cntper>Casey J. Kohrt</cntper><cntorg>DNR - Iowa Geological Survey</cntorg></cntorgp><cntaddr><address>109 Trowbridge Hall</address><city>Iowa City</city><state>IA</state><postal>52242-1319</postal><addrtype>Mailing and Physical</addrtype></cntaddr><cntvoice>319-335-1575</cntvoice><cntemail>GIS_library@igsb.uiowa.edu</cntemail></cntinfo></metc><metac>None</metac><metuc>None</metuc><langmeta Sync="TRUE">en</langmeta><metstdn Sync="TRUE">FGDC Content Standards for Digital Geospatial Metadata</metstdn><metstdv Sync="TRUE">FGDC-STD-001-1998</metstdv><mettc Sync="TRUE">local time</mettc><metd Sync="TRUE">20040727</metd><metextns><onlink Sync="TRUE">http://www.esri.com/metadata/esriprof80.html</onlink><metprof Sync="TRUE">ESRI Metadata Profile</metprof></metextns></metainfo><citeinfo><origin>Joost Korpel, Calvin Wolter and Michael Bounk</origin><pubdate>Complete</pubdate><title>rivers_16</title><geoform>Shapefile</geoform><pubinfo><pubplace>Iowa City, IA</pubplace><publish>Iowa Department of Natural Resources</publish></pubinfo><othercit>Reach File 3, Documentation, Horizons Inc.;  Digital Line Graphs from 1:100,000-scale Maps, Data Users Guide 2, USGS, 1989.</othercit></citeinfo><timeinfo><sngdate><caldate>06/01/95</caldate></sngdate></timeinfo><cntinfo><cntperp><cntper>Casey J. Kohrt</cntper><cntorg>DNR - Iowa Geological Survey</cntorg></cntperp><cntaddr><addrtype>Mailing and Physical</addrtype><address>109 Trowbridge Hall</address><city>Iowa City</city><state>IA</state><postal>52242-1319</postal></cntaddr><cntvoice>319-335-1575</cntvoice><cntemail>GIS_library@igsb.uiowa.edu</cntemail></cntinfo><dataIdInfo><envirDesc Sync="TRUE">Microsoft Windows 2000 Version 5.0 (Build 2195) Service Pack 4; ESRI ArcCatalog 8.3.0.800</envirDesc><dataLang><languageCode Sync="TRUE" value="en"></languageCode></dataLang><idCitation><resTitle Sync="TRUE">rivers_16</resTitle><presForm><PresFormCd Sync="TRUE" value="005"></PresFormCd></presForm></idCitation><spatRpType><SpatRepTypCd Sync="TRUE" value="001"></SpatRepTypCd></spatRpType><dataExt><geoEle><GeoBndBox esriExtentType="native"><westBL Sync="TRUE">635477.5</westBL><eastBL Sync="TRUE">674968.1875</eastBL><northBL Sync="TRUE">4645942</northBL><southBL Sync="TRUE">4606489.5</southBL><exTypeCode Sync="TRUE">1</exTypeCode></GeoBndBox></geoEle></dataExt><geoBox esriExtentType="decdegrees"><westBL Sync="TRUE">-91.374349</westBL><eastBL Sync="TRUE">-90.889141</eastBL><northBL Sync="TRUE">41.953828</northBL><southBL Sync="TRUE">41.590948</southBL><exTypeCode Sync="TRUE">1</exTypeCode></geoBox></dataIdInfo><mdLang><languageCode Sync="TRUE" value="en"></languageCode></mdLang><mdStanName Sync="TRUE">ISO 19115 Geographic Information - Metadata</mdStanName><mdStanVer Sync="TRUE">DIS_ESRI1.0</mdStanVer><mdChar><CharSetCd Sync="TRUE" value="004"></CharSetCd></mdChar><mdHrLv><ScopeCd Sync="TRUE" value="005"></ScopeCd></mdHrLv><mdHrLvName Sync="TRUE">dataset</mdHrLvName><distInfo><distributor><distorTran><onLineSrc><orDesc Sync="TRUE">002</orDesc><linkage Sync="TRUE">file://\\Idnrgsb9\NEW_LIB\Data_NAD83\Counties\Cedar\rivers_16.shp</linkage><protocol Sync="TRUE">Local Area Network</protocol></onLineSrc><transSize Sync="TRUE">0.657</transSize></distorTran><distorFormat><formatName Sync="TRUE">Shapefile</formatName></distorFormat></distributor></distInfo><spdoinfo><direct Sync="TRUE">Vector</direct><ptvctinf><esriterm Name="rivers_16"><efeatyp Sync="TRUE">Simple</efeatyp><efeageom Sync="TRUE">Polyline</efeageom><esritopo Sync="TRUE">FALSE</esritopo><efeacnt Sync="TRUE">584</efeacnt><spindex Sync="TRUE">FALSE</spindex><linrefer Sync="TRUE">FALSE</linrefer></esriterm><sdtsterm Name="rivers_16"><sdtstype Sync="TRUE">String</sdtstype><ptvctcnt Sync="TRUE">584</ptvctcnt></sdtsterm></ptvctinf></spdoinfo><spatRepInfo><VectSpatRep><topLvl><TopoLevCd Sync="TRUE" value="001"></TopoLevCd></topLvl><geometObjs Name="rivers_16"><geoObjTyp><GeoObjTypCd Sync="TRUE" value="001"></GeoObjTypCd></geoObjTyp><geoObjCnt Sync="TRUE">584</geoObjCnt></geometObjs></VectSpatRep></spatRepInfo><mdDateSt Sync="TRUE">20040727</mdDateSt><spref><horizsys><cordsysn><geogcsn Sync="TRUE">GCS_North_American_1983</geogcsn><projcsn Sync="TRUE">NAD_1983_UTM_Zone_15N</projcsn></cordsysn><planar><planci><plance Sync="TRUE">coordinate pair</plance><plandu Sync="TRUE">meters</plandu><coordrep><absres Sync="TRUE">0.000064</absres><ordres Sync="TRUE">0.000064</ordres></coordrep></planci><gridsys><gridsysn Sync="TRUE">Universal Transverse Mercator</gridsysn><utm><utmzone Sync="TRUE">15</utmzone><transmer><sfctrmer Sync="TRUE">0.999600</sfctrmer><longcm Sync="TRUE">-93.000000</longcm><latprjo Sync="TRUE">0.000000</latprjo><feast Sync="TRUE">500000.000000</feast><fnorth Sync="TRUE">0.000000</fnorth></transmer></utm></gridsys></planar><geodetic><horizdn Sync="TRUE">North American Datum of 1983</horizdn><ellips Sync="TRUE">Geodetic Reference System 80</ellips><semiaxis Sync="TRUE">6378137.000000</semiaxis><denflat Sync="TRUE">298.257222</denflat></geodetic></horizsys></spref><refSysInfo><RefSystem><refSysID><identCode Sync="TRUE">NAD_1983_UTM_Zone_15N</identCode></refSysID></RefSystem></refSysInfo></metadata>
