<?xml version="1.0"?>
<metadata>
	<idinfo>
		<citation>
			<citeinfo>
				<geoform>vector digital data</geoform>
				<pubinfo>
					<pubplace>Iowa City, Iowa</pubplace>
					<publish>Iowa Geological Survey of the Iowa Department of Natural Resources</publish>
				</pubinfo>
				<origin>Iowa Department of Transportation</origin><pubdate>20071023</pubdate><title>Road Centerlines of Cedar County, Iowa, 2006 from Iowa DOT GIMS files</title><ftname Sync="TRUE">roads_2006_16</ftname><onlink>ftp://ftp.igsb.uiowa.edu/gis_library/counties/cedar/roads_2006_16.zip</onlink><edition>20071023</edition></citeinfo>
		</citation>
		<descript>
			<purpose>This digital, geographically referenced data set was developed by the Iowa Department of Natural Resources to carry out agency responsibilities related to management, protection, and development of Iowa's natural resources.</purpose>
			<langdata Sync="TRUE">en</langdata><abstract>This dataset is compiled from Iowa DOT Geographic Information Management System (GIMS) files for the year 2006.  Several datasets were merged together and many fields were removed to make a layer that is to be used primarily for cartographic representation.</abstract></descript>
		<timeperd>
			<timeinfo>
				<sngdate><caldate>2006</caldate></sngdate>
			</timeinfo>
			<current>ground condition</current>
		</timeperd>
		<status>
			<progress>Complete</progress>
			<update>None planned</update>
		</status>
		<spdom>
			<bounding>
				<westbc Sync="TRUE">-91.374427</westbc><eastbc Sync="TRUE">-90.888419</eastbc><northbc Sync="TRUE">41.953844</northbc><southbc Sync="TRUE">41.590723</southbc></bounding>
			<lboundng><leftbc Sync="TRUE">635471.410284</leftbc><rightbc Sync="TRUE">675027.986558</rightbc><bottombc Sync="TRUE">4606465.973811</bottombc><topbc Sync="TRUE">4645943.710190</topbc></lboundng></spdom>
		<keywords>
			<theme>
				<themekt>None</themekt>
				<themekey>None</themekey>
				<themekey>roads</themekey></theme>
			<theme><themekt>ISO 19115 Topic Category</themekt><themekey>transportation</themekey></theme><place><placekt>GNIS</placekt><placekey>Cedar County, Iowa</placekey></place></keywords>
		<accconst>None</accconst>
		<useconst>The development of the coverages in the NRGIS Library represents a major investment of staff time and effort.  As a professional responsibility, the Iowa DNR expects to receive proper credit when these GIS coverages are utilized. The Department also expects that the original documentation will remain with any redistribution of these coverages.</useconst>
		<ptcontac>
			<cntinfo>
				<cntperp>
					<cntorg>Iowa Department of Natural Resources</cntorg>
				</cntperp>
				<cntaddr><addrtype>mailing and physical address</addrtype><address>109 Trowbridge Hall</address><city>Iowa City</city><state>IA</state><postal>52242</postal></cntaddr>
				<cntpos>GIS Librarian</cntpos><cntvoice>319-335-1575</cntvoice><cntemail>gis_library@igsb.uiowa.edu</cntemail></cntinfo>
		</ptcontac>
		<native Sync="TRUE">Microsoft Windows XP Version 5.1 (Build 2600) Service Pack 2; ESRI ArcCatalog 9.2.0.1324</native><natvform Sync="TRUE">Shapefile</natvform></idinfo>
	<dataqual>
		<posacc>
			<horizpa><horizpar>None</horizpar></horizpa>
		</posacc>
		<lineage>
			<srcinfo><srccite><citeinfo><origin>Iowa Department of Transportation</origin><title>GIMS - Road Centerlines, Structures and Rail Crossings</title><onlink>http://gis.iowadot.gov/downloads/zipped_files/GIMS_History/2006/Cedar_2006.zip</onlink></citeinfo></srccite><typesrc>shapefiles</typesrc><srccitea>Roads</srccitea><srccontr>base files for these layers</srccontr></srcinfo><procstep><proccont><cntinfo><cntperp><cntper>Sally Hakes</cntper><cntorg>Iowa Geological Survey - IDNR</cntorg></cntperp><cntvoice>319-335-1575</cntvoice></cntinfo></proccont><procdesc>Road_Info_2006 and Surface_2006 were joined using MSLINK and mslinksurf fields, respectively.  Many fields that are irrelevant to our goals were deleted leaving twelve relevant fields.</procdesc><srcused>Roads</srcused></procstep></lineage>
		<attracc><attraccr>None</attraccr></attracc><logic>None</logic><complete>None</complete></dataqual>
	<spdoinfo>
		<direct>Vector</direct>
		<ptvctinf>
			<sdtsterm Name="roads_2006_16">
				<sdtstype>G-polygon</sdtstype>
				<ptvctcnt Sync="TRUE">2811</ptvctcnt></sdtsterm>
			<esriterm Name="roads_2006_16"><efeatyp Sync="TRUE">Simple</efeatyp><efeageom Sync="TRUE">Polyline</efeageom><esritopo Sync="TRUE">FALSE</esritopo><efeacnt Sync="TRUE">2811</efeacnt><spindex Sync="TRUE">FALSE</spindex><linrefer Sync="TRUE">FALSE</linrefer></esriterm></ptvctinf>
	</spdoinfo>
	<spref>
		<horizsys>
			<planar>
				<planci>
					<plance>coordinate pair</plance>
					<coordrep>
						<absres>0.001024</absres>
						<ordres>0.001024</ordres>
					</coordrep>
					<plandu>meters</plandu>
				</planci>
				<gridsys><gridsysn Sync="TRUE">Universal Transverse Mercator</gridsysn><utm><utmzone Sync="TRUE">15</utmzone><transmer><sfctrmer Sync="TRUE">0.999600</sfctrmer><longcm Sync="TRUE">-93.000000</longcm><latprjo Sync="TRUE">0.000000</latprjo><feast Sync="TRUE">500000.000000</feast><fnorth Sync="TRUE">0.000000</fnorth></transmer></utm></gridsys></planar>
			<geodetic>
				<horizdn>North American Datum of 1983</horizdn>
				<ellips>Geodetic Reference System 80</ellips>
				<semiaxis>6378137.000000</semiaxis>
				<denflat>298.257222</denflat>
			</geodetic>
			<cordsysn><geogcsn Sync="TRUE">GCS_North_American_1983</geogcsn><projcsn Sync="TRUE">NAD_1983_UTM_Zone_15N</projcsn></cordsysn></horizsys>
	</spref>
	<eainfo>
		<detailed Name="roads_2006_16">
			<enttyp><enttypl Sync="TRUE">roads_2006_16</enttypl><enttypt Sync="TRUE">Feature Class</enttypt><enttypc Sync="TRUE">2811</enttypc></enttyp>
			<attr><attrlabl Sync="TRUE">FID</attrlabl><attalias Sync="TRUE">FID</attalias><attrtype Sync="TRUE">OID</attrtype><attwidth Sync="TRUE">4</attwidth><atprecis Sync="TRUE">0</atprecis><attscale Sync="TRUE">0</attscale><attrdef Sync="TRUE">Internal feature number.</attrdef><attrdefs Sync="TRUE">ESRI</attrdefs><attrdomv><udom Sync="TRUE">Sequential unique whole numbers that are automatically generated.</udom></attrdomv></attr><attr><attrlabl Sync="TRUE">Shape</attrlabl><attalias Sync="TRUE">Shape</attalias><attrtype Sync="TRUE">Geometry</attrtype><attwidth Sync="TRUE">0</attwidth><atprecis Sync="TRUE">0</atprecis><attscale Sync="TRUE">0</attscale><attrdef Sync="TRUE">Feature geometry.</attrdef><attrdefs Sync="TRUE">ESRI</attrdefs><attrdomv><udom Sync="TRUE">Coordinates defining the features.</udom></attrdomv></attr><attr><attrlabl Sync="TRUE">COUNTYNO</attrlabl><attalias Sync="TRUE">COUNTYNO</attalias><attrtype Sync="TRUE">Number</attrtype><attwidth Sync="TRUE">10</attwidth><attrdef>County number</attrdef><attrdefs>Iowa DOT Base record manual</attrdefs><attrdomv><edom><edomv>Integer</edomv><edomvd>county - the boundary divides two Iowa state counties</edomvd><edomvds>none</edomvds></edom></attrdomv><begdatea>1/1/1901</begdatea><attrmfrq>None planned</attrmfrq></attr><attr><attrlabl Sync="TRUE">JURISDIC</attrlabl><attalias Sync="TRUE">JURISDIC</attalias><attrtype Sync="TRUE">Number</attrtype><attwidth Sync="TRUE">5</attwidth><attrdomv><edom><edomv>1</edomv><edomvd>Iowa DOT</edomvd><edomvds>Iowa DOT Base record manual</edomvds></edom><edom><edomv>2</edomv><edomvd>Iowa DNR</edomvd><edomvds>Iowa DOT Base record manual</edomvds></edom><edom><edomv>3</edomv><edomvd>Iowa Dept of SS</edomvd><edomvds>Iowa DOT Base record manual</edomvds></edom><edom><edomv>4</edomv><edomvd>Board of Regents</edomvd><edomvds>Iowa DOT Base record manual</edomvds></edom><edom><edomv>5</edomv><edomvd>Federal Domain</edomvd><edomvds>Iowa DOT Base record manual</edomvds></edom><edom><edomv>6</edomv><edomvd>Local</edomvd><edomvds>Iowa DOT Base record manual</edomvds></edom><edom><edomv>7</edomv><edomvd>Iowa National Guard</edomvd><edomvds>Iowa DOT Base record manual</edomvds></edom><edom><edomv>8</edomv><edomvd>Other state lands</edomvd><edomvds>Iowa DOT Base record manual</edomvds></edom></attrdomv><attrdef>Indicates the jurisdictional responsibility for the segment of road</attrdef><attrdefs>Iowa DOT base record manual</attrdefs><begdatea>8/1/1999</begdatea><attrmfrq>As needed</attrmfrq></attr><attr><attrlabl Sync="TRUE">NINEONEONE</attrlabl><attalias Sync="TRUE">NINEONEONE</attalias><attrtype Sync="TRUE">String</attrtype><attwidth Sync="TRUE">25</attwidth><attrdef>911 Street Name</attrdef><attrdefs>Iowa base record manual</attrdefs><attrdomv><edom><edomv>text</edomv></edom></attrdomv><begdatea>8/1/1999</begdatea><attrmfrq>As needed</attrmfrq></attr><attr><attrlabl Sync="TRUE">SIGNEDRTE</attrlabl><attalias Sync="TRUE">SIGNEDRTE</attalias><attrtype Sync="TRUE">String</attrtype><attwidth Sync="TRUE">4</attwidth><attrdef>Identifies numbers assigned to a secondary road.</attrdef><attrdefs>Iowa DOT base record manual</attrdefs><attrdomv><edom><edomv>characters</edomv><edomvd>Code of N051 is = to Co Rd N51</edomvd><edomvds>Source: Iowa DOT base record manual</edomvds></edom></attrdomv><begdatea>1/1/1980</begdatea><attrvai><attrva>100.000000</attrva><attrvae>Coded in the direct assignment of letter/number. Applies to secondary roads</attrvae></attrvai><attrmfrq>As needed</attrmfrq></attr><attr><attrlabl Sync="TRUE">INTERSTATE</attrlabl><attalias Sync="TRUE">INTERSTATE</attalias><attrtype Sync="TRUE">String</attrtype><attwidth Sync="TRUE">1</attwidth><attrdomv><edom><edomv>Y</edomv><edomvd>Yes</edomvd><edomvds>Iowa DOT base record manual</edomvds></edom><edom><edomv>N</edomv><edomvd>No</edomvd><edomvds>Iowa DOT base record manual</edomvds></edom></attrdomv><attrdef>Indicates whether or not a road system is classified as an interstate traveled way.</attrdef><attrdefs>Iowa DOT base record manual</attrdefs><begdatea>1/1/1980</begdatea><attrmfrq>As needed</attrmfrq></attr><attr><attrlabl Sync="TRUE">DOMAINCODE</attrlabl><attalias Sync="TRUE">DOMAINCODE</attalias><attrtype Sync="TRUE">Number</attrtype><attwidth Sync="TRUE">10</attwidth><attrdomv><edom><edomv>00</edomv><edomvd>Not on Federal, State, or Local Land</edomvd><edomvds>Iowa DOT base record manual</edomvds></edom><edom><edomv>10</edomv><edomvd>Local Agency</edomvd><edomvds>Iowa DOT base record manual</edomvds></edom><edom><edomv>11</edomv><edomvd>County Conservation Board</edomvd><edomvds>Iowa DOT base record manual</edomvds></edom><edom><edomv>12</edomv><edomvd>City Parks Board</edomvd><edomvds>Iowa DOT base record manual</edomvds></edom><edom><edomv>13</edomv><edomvd>Board of Supervisors</edomvd><edomvds>Iowa DOT base record manual</edomvds></edom><edom><edomv>14</edomv><edomvd>City Councils</edomvd><edomvds>Iowa DOT base record manual</edomvds></edom><edom><edomv>30</edomv><edomvd>State Agency</edomvd><edomvds>Iowa DOT base record manual</edomvds></edom><edom><edomv>31</edomv><edomvd>Board of Regents Institution</edomvd><edomvds>Iowa DOT base record manual</edomvds></edom><edom><edomv>32</edomv><edomvd>Social Services</edomvd><edomvds>Iowa DOT base record manual</edomvds></edom><edom><edomv>33</edomv><edomvd>Department of Natural Resources</edomvd><edomvds>Iowa DOT base record manual</edomvds></edom><edom><edomv>34</edomv><edomvd>State Fair Board</edomvd><edomvds>Iowa DOT base record manual</edomvds></edom><edom><edomv>35</edomv><edomvd>Department of Public Instruction</edomvd><edomvds>Iowa DOT base record manual</edomvds></edom><edom><edomv>60</edomv><edomvd>Federal Agency</edomvd><edomvds>Iowa DOT base record manual</edomvds></edom><edom><edomv>62</edomv><edomvd>Bureau of Indian Affairs</edomvd><edomvds>Iowa DOT base record manual</edomvds></edom><edom><edomv>63</edomv><edomvd>Indian Reservation Access Board</edomvd><edomvds>Iowa DOT base record manual</edomvds></edom><edom><edomv>64</edomv><edomvd>U.S. Forest Service</edomvd><edomvds>Iowa DOT base record manual</edomvds></edom><edom><edomv>66</edomv><edomvd>National Park Service</edomvd><edomvds>Iowa DOT base record manual</edomvds></edom><edom><edomv>68</edomv><edomvd>Bureau of Land Management</edomvd><edomvds>Iowa DOT base record manual</edomvds></edom><edom><edomv>70</edomv><edomvd>Military Reservation</edomvd><edomvds>Iowa DOT base record manual</edomvds></edom><edom><edomv>72</edomv><edomvd>Corps of Engineers</edomvd><edomvds>Iowa DOT base record manual</edomvds></edom><edom><edomv>74</edomv><edomvd>Energy Research and Development Administration (formerly Atomic Energy Commission)</edomvd><edomvds>Iowa DOT base record manual</edomvds></edom><edom><edomv>76</edomv><edomvd>Tennessee Valley Authority</edomvd><edomvds>Iowa DOT base record manual</edomvds></edom><edom><edomv>78</edomv><edomvd>National Aeronautics and Space Administration</edomvd><edomvds>Iowa DOT base record manual</edomvds></edom><edom><edomv>80</edomv><edomvd>Fish and Wildlife Service</edomvd><edomvds>Iowa DOT base record manual</edomvds></edom><edom><edomv>81-99</edomv><edomvd>Federal Agencies specified by the FHWA</edomvd><edomvds>Iowa DOT base record manual</edomvds></edom></attrdomv><attrdef>This field identifies the federal, state, local agency having control over the land through which the road segment passes.</attrdef><attrdefs>Iowa DOT base record manual</attrdefs><attrmfrq>As needed</attrmfrq></attr><attr><attrlabl Sync="TRUE">NUMLANES</attrlabl><attalias Sync="TRUE">NUMLANES</attalias><attrtype Sync="TRUE">Number</attrtype><attwidth Sync="TRUE">5</attwidth><attrdef>Number of lanes</attrdef><attrdefs>Iowa DOT base record manual</attrdefs><attrdomv><edom><edomv>integer</edomv><edomvd>none</edomvd><edomvds>none</edomvds></edom></attrdomv><begdatea>1/1/1980</begdatea><attrvai><attrvae>Total number of lanes on both sides of the higway including those with a median</attrvae></attrvai><attrmfrq>As needed</attrmfrq></attr><attr><attrlabl Sync="TRUE">MSLINK</attrlabl><attalias Sync="TRUE">MSLINK</attalias><attrtype Sync="TRUE">Number</attrtype><attwidth Sync="TRUE">10</attwidth><attrdef>auto increment variable</attrdef></attr><attr><attrlabl Sync="TRUE">SURFMATERI</attrlabl><attalias Sync="TRUE">SURFMATERI</attalias><attrtype Sync="TRUE">Number</attrtype><attwidth Sync="TRUE">10</attwidth><attrdomv><edom><edomv>0</edomv><edomvd>unknown</edomvd><edomvds>Iowa DOT Base record manual</edomvds></edom><edom><edomv>01</edomv><edomvd>Dirt</edomvd><edomvds>Iowa DOT Base record manual</edomvds></edom><edom><edomv>02</edomv><edomvd>Type A, Asphalt treated Class 1 and Class 2</edomvd><edomvds>Iowa DOT Base record manual</edomvds></edom><edom><edomv>03</edomv><edomvd>Class B asphalt</edomvd><edomvds>Iowa DOT Base record manual</edomvds></edom><edom><edomv>04</edomv><edomvd>Bituminous treated aggregate</edomvd><edomvds>Iowa DOT Base record manual</edomvds></edom><edom><edomv>06</edomv><edomvd>Cement treated</edomvd><edomvds>Iowa DOT Base record manual</edomvds></edom><edom><edomv>08</edomv><edomvd>Cement treated granular</edomvd><edomvds>Iowa DOT Base record manual</edomvds></edom><edom><edomv>10</edomv><edomvd>Cold-laid bituminous (recycled ACC, not heated at plant)</edomvd><edomvds>Iowa DOT Base record manual</edomvds></edom><edom><edomv>12</edomv><edomvd>Econcrete (PCC slip-formed)</edomvd><edomvds>Iowa DOT Base record manual</edomvds></edom><edom><edomv>14</edomv><edomvd>Graded stone (choke stone) (gravel surface)</edomvd><edomvds>Iowa DOT Base record manual</edomvds></edom><edom><edomv>16</edomv><edomvd>Granular backfill/recycled PCC</edomvd><edomvds>Iowa DOT Base record manual</edomvds></edom><edom><edomv>18</edomv><edomvd>Granular</edomvd><edomvds>Iowa DOT Base record manual</edomvds></edom><edom><edomv>20</edomv><edomvd>Macadam</edomvd><edomvds>Iowa DOT Base record manual</edomvds></edom><edom><edomv>22</edomv><edomvd>Porous backfill</edomvd><edomvds>Iowa DOT Base record manual</edomvds></edom><edom><edomv>24</edomv><edomvd>Portland cement concrete</edomvd><edomvds>Iowa DOT Base record manual</edomvds></edom><edom><edomv>26</edomv><edomvd>Recycled asphalt (ACC heated at plant)</edomvd><edomvds>Iowa DOT Base record manual</edomvds></edom><edom><edomv>28</edomv><edomvd>Rolled stone</edomvd><edomvds>Iowa DOT Base record manual</edomvds></edom><edom><edomv>30</edomv><edomvd>Soil aggregate</edomvd><edomvds>Iowa DOT Base record manual</edomvds></edom><edom><edomv>32</edomv><edomvd>Soil cement</edomvd><edomvds>Iowa DOT Base record manual</edomvds></edom><edom><edomv>34</edomv><edomvd>Soil Lime</edomvd><edomvds>Iowa DOT Base record manual</edomvds></edom><edom><edomv>36</edomv><edomvd>Special backfill (stone base without admixture)</edomvd><edomvds>Iowa DOT Base record manual</edomvds></edom><edom><edomv>38</edomv><edomvd>sub base (earth)</edomvd><edomvds>Iowa DOT Base record manual</edomvds></edom><edom><edomv>40</edomv><edomvd>Type B Class 1 and Class 2</edomvd><edomvds>Iowa DOT Base record manual</edomvds></edom><edom><edomv>42</edomv><edomvd>Brick</edomvd><edomvds>Iowa DOT Base record manual</edomvds></edom><edom><edomv>44</edomv><edomvd>Block</edomvd><edomvds>Iowa DOT Base record manual</edomvds></edom><edom><edomv>46</edomv><edomvd>Bituminous asphalt</edomvd><edomvds>Iowa DOT Base record manual</edomvds></edom><edom><edomv>48</edomv><edomvd>Asphalt rubber cement - Type A</edomvd><edomvds>Iowa DOT Base record manual</edomvds></edom><edom><edomv>50</edomv><edomvd>Asphalt rubber cement - Type B</edomvd><edomvds>Iowa DOT Base record manual</edomvds></edom><edom><edomv>51</edomv><edomvd>Permeable ACC</edomvd><edomvds>Iowa DOT Base record manual</edomvds></edom><edom><edomv>52</edomv><edomvd>Rubblized PCC</edomvd><edomvds>Iowa DOT Base record manual</edomvds></edom></attrdomv><attrdef>This field indicates the type of surface material</attrdef><attrdefs>Iowa DOT Base record manual</attrdefs><begdatea>1/1/1980</begdatea><attrmfrq>As needed</attrmfrq></attr><attr><attrlabl Sync="TRUE">MSLINKSURF</attrlabl><attalias Sync="TRUE">MSLINKSURF</attalias><attrtype Sync="TRUE">Number</attrtype><attwidth Sync="TRUE">20</attwidth><atnumdec Sync="TRUE">5</atnumdec><attrdef>auto increment variable</attrdef><attrdefs>Assigned by Modular GIS Environment software</attrdefs><begdatea>8/1/1999</begdatea><attrmfrq>As needed</attrmfrq></attr></detailed>
		<overview></overview>
	</eainfo>
	<distinfo>
		<distrib>
			<cntinfo>
				<cntorgp>
					<cntorg>Iowa Geological Survey, DNR</cntorg>
				</cntorgp>
				<cntaddr>
					<addrtype>mailing and physical address</addrtype>
					<address>109 Trowbridge Hall</address>
					<city>Iowa City</city>
					<state>IA</state>
					<postal>52242</postal>
				</cntaddr>
				<cntvoice>319-335-1575</cntvoice>
				<cntemail>gis_library@igsb.uiowa.edu</cntemail>
				<cntpos>GIS Librarian</cntpos></cntinfo>
		</distrib>
		<distliab>Although efforts have been made in correcting errors in order to make this information useful to the Department, the Department assumes no responsibility for errors in the information.  Similarly, the Department assumes no responsibility for the consequences of inappropriate uses or interpretations of the data made by anyone to whom this data has been made available.  The Department bears no responsibility to inform users of any changes made to this data.  Anyone using this data is advised that precision implied by the coverage may far exceed actual precision.  Comments on this data are invited and the Department would appreciate that documented errors be brought to staff attention. </distliab>
		<stdorder>
			<digform>
				<digtinfo><transize Sync="TRUE">0.539</transize><dssize Sync="TRUE">0.539</dssize><formname>ArcView shapefile</formname><filedec>zip or equivalent</filedec></digtinfo>
				<digtopt>
					<onlinopt>
						<computer>
							<networka>
								<networkr>http://www.igsb.uiowa.edu/nrgislibx/</networkr>
								<networkr>ftp://ftp.igsb.uiowa.edu/gis_library/counties/cedar/roads_2006_16.zip</networkr></networka>
						</computer>
					</onlinopt>
				</digtopt>
			</digform>
		</stdorder>
		<availabl><timeinfo><sngdate><caldate>365 days/year</caldate><time>24 hours/day</time></sngdate></timeinfo></availabl><resdesc Sync="TRUE">Downloadable Data</resdesc></distinfo>
	<metainfo>
		<metd>20071018</metd>
		<metc>
			<cntinfo>
				<cntaddr>
					<addrtype>mailing and physical address</addrtype>
					<address>109 Trowbridge Hall</address>
					<city>Iowa City</city>
					<state>IA</state>
					<postal>52242-1319</postal>
				</cntaddr>
				<cntvoice>319-335-1575</cntvoice>
				<cntemail>gis_library@igsb.uiowa.edu</cntemail>
				<cntperp><cntper>GIS Librarian</cntper><cntorg>Iowa Geological Survey, DNR</cntorg></cntperp><cntpos>GIS Librarian</cntpos></cntinfo>
		</metc>
		<metstdn>FGDC Content Standards for Digital Geospatial Metadata</metstdn>
		<metstdv>FGDC-STD-001-1998</metstdv>
		<mettc>local time</mettc>
		<metac>None</metac>
		<metuc>None</metuc>
		<langmeta Sync="TRUE">en</langmeta><metrd>20071018</metrd><metextns><onlink Sync="TRUE">http://www.esri.com/metadata/esriprof80.html</onlink><metprof Sync="TRUE">ESRI Metadata Profile</metprof></metextns></metainfo>
	<Esri><MetaID>{C40B2A7D-9005-412C-9F6D-F644456DB4EC}</MetaID><CreaDate>20040112</CreaDate><CreaTime>13543400</CreaTime><SyncOnce>FALSE</SyncOnce><ModDate>20071023</ModDate><ModTime>09483300</ModTime><SyncDate>20071023</SyncDate><SyncTime>09483300</SyncTime><DataProperties><lineage><Process Name="DefineProjection_1" ToolSource="C:\Program Files\ArcGIS\ArcToolbox\Toolboxes\Data Management Tools.tbx\DefineProjection" Date="20071018" Time="101149">DefineProjection "K:\GIS1\Roads_2007\2006 Counties\Cedar_16\roads_2004_16.shp" PROJCS['NAD_1983_UTM_Zone_15N',GEOGCS['GCS_North_American_1983',DATUM['D_North_American_1983',SPHEROID['GRS_1980',6378137.0,298.257222101]],PRIMEM['Greenwich',0.0],UNIT['Degree',0.0174532925199433]],PROJECTION['Transverse_Mercator'],PARAMETER['False_Easting',500000.0],PARAMETER['False_Northing',0.0],PARAMETER['Central_Meridian',-93.0],PARAMETER['Scale_Factor',0.9996],PARAMETER['Latitude_Of_Origin',0.0],UNIT['Meter',1.0]] "K:\GIS1\Roads_2007\2006 Counties\Cedar_16\roads_2004_16.shp"</Process></lineage></DataProperties></Esri><mdDateSt Sync="TRUE">20071023</mdDateSt><dataIdInfo><envirDesc Sync="TRUE">Microsoft Windows XP Version 5.1 (Build 2600) Service Pack 2; ESRI ArcCatalog 9.2.0.1324</envirDesc><dataLang><languageCode Sync="TRUE" value="en"></languageCode></dataLang><idCitation><resTitle Sync="TRUE">roads_2006_16</resTitle><presForm><PresFormCd Sync="TRUE" value="005"></PresFormCd></presForm></idCitation><spatRpType><SpatRepTypCd Sync="TRUE" value="001"></SpatRepTypCd></spatRpType><dataExt><geoEle><GeoBndBox esriExtentType="native"><westBL Sync="TRUE">635471.410284</westBL><eastBL Sync="TRUE">675027.986558</eastBL><northBL Sync="TRUE">4645943.71019</northBL><southBL Sync="TRUE">4606465.973811</southBL><exTypeCode Sync="TRUE">1</exTypeCode></GeoBndBox></geoEle></dataExt><geoBox esriExtentType="decdegrees"><westBL Sync="TRUE">-91.374427</westBL><eastBL Sync="TRUE">-90.888419</eastBL><northBL Sync="TRUE">41.953844</northBL><southBL Sync="TRUE">41.590723</southBL><exTypeCode Sync="TRUE">1</exTypeCode></geoBox></dataIdInfo><mdLang><languageCode Sync="TRUE" value="en"></languageCode></mdLang><mdStanName Sync="TRUE">ISO 19115 Geographic Information - Metadata</mdStanName><mdStanVer Sync="TRUE">DIS_ESRI1.0</mdStanVer><mdChar><CharSetCd Sync="TRUE" value="004"></CharSetCd></mdChar><mdHrLv><ScopeCd Sync="TRUE" value="005"></ScopeCd></mdHrLv><mdHrLvName Sync="TRUE">dataset</mdHrLvName><distInfo><distributor><distorTran><onLineSrc><orDesc Sync="TRUE">002</orDesc><linkage Sync="TRUE">file://\\Idnrgsb9\GIS\GIS1\Roads_2007\2006 Counties\Cedar_16\roads_2006_16.shp</linkage><protocol Sync="TRUE">Local Area Network</protocol></onLineSrc><transSize Sync="TRUE">0.539</transSize></distorTran><distorFormat><formatName Sync="TRUE">Shapefile</formatName></distorFormat></distributor></distInfo><spatRepInfo><VectSpatRep><topLvl><TopoLevCd Sync="TRUE" value="001"></TopoLevCd></topLvl><geometObjs Name="roads_2006_16"><geoObjTyp><GeoObjTypCd Sync="TRUE" value="001"></GeoObjTypCd></geoObjTyp><geoObjCnt Sync="TRUE">2811</geoObjCnt></geometObjs></VectSpatRep></spatRepInfo><refSysInfo><RefSystem><refSysID><identCode Sync="TRUE">NAD_1983_UTM_Zone_15N</identCode></refSysID></RefSystem></refSysInfo></metadata>
