fips,county,deaths_cumulative_aug22
19000,State total,9940
19001,Adair,51
19003,Adams,14
19005,Allamakee,62
19007,Appanoose,70
19009,Audubon,21
19011,Benton,80
19013,Black Hawk,498
19015,Boone,59
19017,Bremer,85
19019,Buchanan,65
19021,Buena Vista,59
19023,Butler,56
19025,Calhoun,26
19027,Carroll,75
19029,Cass,79
19031,Cedar,38
19033,Cerro Gordo,172
19035,Cherokee,68
19037,Chickasaw,34
19039,Clarke,41
19041,Clay,45
19043,Clayton,75
19045,Clinton,153
19047,Crawford,54
19049,Dallas,151
19051,Davis,35
19053,Decatur,28
19055,Delaware,69
19057,Des Moines,147
19059,Dickinson,76
19061,Dubuque,304
19063,Emmet,54
19065,Fayette,80
19067,Floyd,63
19069,Franklin,44
19071,Fremont,26
19073,Greene,23
19075,Grundy,45
19077,Guthrie,47
19079,Hamilton,77
19081,Hancock,49
19083,Hardin,63
19085,Harrison,95
19087,Henry,78
19089,Howard,37
19091,Humboldt,38
19093,Ida,49
19095,Iowa,50
19097,Jackson,71
19099,Jasper,117
19101,Jefferson,53
19103,Johnson,157
19105,Jones,76
19107,Keokuk,49
19109,Kossuth,91
19111,Lee,145
19113,Linn,618
19115,Louisa,64
19117,Lucas,32
19119,Lyon,52
19121,Madison,42
19123,Mahaska,92
19125,Marion,127
19127,Marshall,119
19129,Mills,45
19131,Mitchell,49
19133,Monona,51
19135,Monroe,52
19137,Montgomery,57
19139,Muscatine,132
19141,O'Brien,72
19143,Osceola,22
19145,Page,49
19147,Palo Alto,40
19149,Plymouth,106
19151,Pocahontas,27
19153,Polk,1150
19155,Pottawattamie,326
19157,Poweshiek,63
19159,Ringgold,36
19161,Sac,39
19163,Scott,415
19165,Shelby,53
19167,Sioux,90
19169,Story,92
19171,Tama,95
19173,Taylor,22
19175,Union,53
19177,Van Buren,27
19179,Wapello,213
19181,Warren,137
19183,Washington,81
19185,Wayne,33
19187,Webster,170
19189,Winnebago,47
19191,Winneshiek,54
19193,Woodbury,345
19195,Worth,17
19197,Wright,67
